brand,product_name,category,sub_category,features,reviews,skin_type,price
바이탈뷰티,바이탈뷰티 이너뷰티 제품 1,뷰티푸드,이너뷰티,항산화,가성비가 좋다는 의견이 많음,건성,85000
에이피뷰티,에이피뷰티 페이스 제품 2,메이크업,페이스,피부톤 보정,가성비가 좋다는 의견이 많음,복합성,145000
아모레베이직,아모레베이직 페이스 제품 3,메이크업,페이스,자연스러운 커버,재구매율이 높은 제품,민감성,12000
에스트라,에스트라 구강 제품 4,생활용품,구강,구취 제거,향과 사용감에 대한 만족도가 높음,민감성,30000
한율,한율 모이스처라이징 제품 5,스킨 케어,모이스처라이징,고보습,가성비가 좋다는 의견이 많음,복합성,28000
아모레베이직,아모레베이직 네일 제품 6,메이크업,네일,빠른 건조,향과 사용감에 대한 만족도가 높음,지성,135000
이니스프리,이니스프리 헤어케어 제품 7,남성,헤어케어,저자극,향과 사용감에 대한 만족도가 높음,건성,77000
바이탈뷰티,바이탈뷰티 립 제품 8,메이크업,립,선명한 발색,재구매율이 높은 제품,지성,80000
마몽드,마몽드 메이크업 제품 9,남성,메이크업,저자극,재구매율이 높은 제품,지성,130000
오설록,오설록 아이 제품 10,메이크업,아이,롱래스팅,재구매율이 높은 제품,복합성,145000
오설록,오설록 썬/BB 크림 제품 11,남성,썬/BB 크림,저자극,향과 사용감에 대한 만족도가 높음,모든 피부,42000
롱테이크,롱테이크 스킨/바디 케어 제품 12,베이비,스킨/바디 케어,저자극,향과 사용감에 대한 만족도가 높음,지성,43000
프리메라,프리메라 팩마스크 제품 13,남성,팩마스크,저자극,효과 체감이 빠르다는 리뷰 다수,복합성,51000
라네즈,라네즈 이너뷰티 제품 14,뷰티푸드,이너뷰티,피부 건강 개선,향과 사용감에 대한 만족도가 높음,모든 피부,67000
마몽드,마몽드 이너뷰티 제품 15,뷰티푸드,이너뷰티,피부 건강 개선,가성비가 좋다는 의견이 많음,민감성,96000
에이피뷰티,에이피뷰티 클렌져 제품 16,남성,클렌져,데일리 사용,가성비가 좋다는 의견이 많음,모든 피부,124000
아모레베이직,아모레베이직 스킨/바디 케어 제품 17,베이비,스킨/바디 케어,데일리 사용,자극 없이 순하다는 평가가 많음,민감성,58000
설화수,설화수 스페셜 케어 제품 18,스킨 케어,스페셜 케어,미백 기능성,효과 체감이 빠르다는 리뷰 다수,건성,56000
설화수,설화수 헤어케어 제품 19,남성,헤어케어,저자극,자극 없이 순하다는 평가가 많음,민감성,28000
한율,한율 클렌징 제품 20,스킨 케어,클렌징,보습 유지,향과 사용감에 대한 만족도가 높음,지성,145000
이니스프리,이니스프리 클렌져 제품 21,남성,클렌져,저자극,자극 없이 순하다는 평가가 많음,민감성,57000
라네즈,라네즈 이너뷰티 제품 22,뷰티푸드,이너뷰티,항산화,효과 체감이 빠르다는 리뷰 다수,모든 피부,147000
에스트라,에스트라 바디 제품 23,생활용품,바디,보습 강화,자극 없이 순하다는 평가가 많음,지성,43000
에스트라,에스트라 헤어 제품 24,생활용품,헤어,윤기 강화,가성비가 좋다는 의견이 많음,모든 피부,94000
라네즈,라네즈 이너뷰티 제품 25,뷰티푸드,이너뷰티,피부 건강 개선,가성비가 좋다는 의견이 많음,모든 피부,125000
헤라,헤라 퍼퓸 제품 26,향수,퍼퓸,시그니처 향,가성비가 좋다는 의견이 많음,건성,78000
이니스프리,이니스프리 선케어 제품 27,베이비,선케어,백탁 없음,재구매율이 높은 제품,복합성,104000
프리메라,프리메라 스페셜 케어 제품 28,스킨 케어,스페셜 케어,탄력 개선,재구매율이 높은 제품,모든 피부,101000
에스트라,에스트라 아이 제품 29,메이크업,아이,롱래스팅,향과 사용감에 대한 만족도가 높음,복합성,25000
바이탈뷰티,바이탈뷰티 퍼퓸 제품 30,향수,퍼퓸,지속력 우수,효과 체감이 빠르다는 리뷰 다수,건성,23000
헤라,헤라 바디 제품 31,생활용품,바디,산뜻한 마무리,효과 체감이 빠르다는 리뷰 다수,건성,135000
에스트라,에스트라 바디 제품 32,생활용품,바디,산뜻한 마무리,향과 사용감에 대한 만족도가 높음,건성,37000
한율,한율 이너뷰티 제품 33,뷰티푸드,이너뷰티,피부 건강 개선,가성비가 좋다는 의견이 많음,복합성,22000
롱테이크,롱테이크 바디케어 제품 34,남성,바디케어,데일리 사용,자극 없이 순하다는 평가가 많음,지성,62000
에스트라,에스트라 바디 제품 35,생활용품,바디,산뜻한 마무리,재구매율이 높은 제품,모든 피부,78000
프리메라,프리메라 이너뷰티 제품 36,뷰티푸드,이너뷰티,피부 건강 개선,재구매율이 높은 제품,민감성,79000
아이오페,아이오페 메이크업 제품 37,남성,메이크업,저자극,가성비가 좋다는 의견이 많음,민감성,51000
롱테이크,롱테이크 선케어 제품 38,베이비,선케어,자외선 차단,효과 체감이 빠르다는 리뷰 다수,민감성,141000
롱테이크,롱테이크 퍼퓸 제품 39,향수,퍼퓸,지속력 우수,가성비가 좋다는 의견이 많음,모든 피부,14000
바이탈뷰티,바이탈뷰티 선케어 제품 40,베이비,선케어,백탁 없음,효과 체감이 빠르다는 리뷰 다수,복합성,34000
에스트라,에스트라 헤어 제품 41,생활용품,헤어,손상 케어,향과 사용감에 대한 만족도가 높음,모든 피부,119000
바이탈뷰티,바이탈뷰티 선케어 제품 42,베이비,선케어,백탁 없음,가성비가 좋다는 의견이 많음,지성,74000
롱테이크,롱테이크 클렌징 제품 43,스킨 케어,클렌징,보습 유지,효과 체감이 빠르다는 리뷰 다수,건성,141000
에스트라,에스트라 스킨/바디 케어 제품 44,베이비,스킨/바디 케어,데일리 사용,가성비가 좋다는 의견이 많음,모든 피부,148000
라네즈,라네즈 퍼퓸 제품 45,향수,퍼퓸,시그니처 향,효과 체감이 빠르다는 리뷰 다수,복합성,137000
에스트라,에스트라 구강 제품 46,생활용품,구강,구취 제거,자극 없이 순하다는 평가가 많음,모든 피부,125000
한율,한율 바디 제품 47,생활용품,바디,산뜻한 마무리,효과 체감이 빠르다는 리뷰 다수,지성,116000
마몽드,마몽드 팩마스크 제품 48,남성,팩마스크,데일리 사용,효과 체감이 빠르다는 리뷰 다수,건성,81000
헤라,헤라 헤어 제품 49,생활용품,헤어,손상 케어,재구매율이 높은 제품,민감성,124000
설화수,설화수 이너뷰티 제품 50,뷰티푸드,이너뷰티,피부 건강 개선,가성비가 좋다는 의견이 많음,지성,24000
바이탈뷰티,바이탈뷰티 퍼퓸 제품 51,향수,퍼퓸,시그니처 향,재구매율이 높은 제품,지성,114000
아모레베이직,아모레베이직 페이스 제품 52,메이크업,페이스,피부톤 보정,재구매율이 높은 제품,민감성,38000
헤라,헤라 헤어 제품 53,생활용품,헤어,윤기 강화,재구매율이 높은 제품,지성,137000
헤라,헤라 모이스처라이징 제품 54,스킨 케어,모이스처라이징,수분 지속,재구매율이 높은 제품,모든 피부,112000
바이탈뷰티,바이탈뷰티 퍼퓸 제품 55,향수,퍼퓸,지속력 우수,향과 사용감에 대한 만족도가 높음,지성,131000
마몽드,마몽드 구강 제품 56,생활용품,구강,구취 제거,가성비가 좋다는 의견이 많음,민감성,89000
에스트라,에스트라 헤어 제품 57,생활용품,헤어,손상 케어,자극 없이 순하다는 평가가 많음,지성,33000
헤라,헤라 바디케어 제품 58,남성,바디케어,저자극,효과 체감이 빠르다는 리뷰 다수,모든 피부,47000
프리메라,프리메라 퍼퓸 제품 59,향수,퍼퓸,시그니처 향,효과 체감이 빠르다는 리뷰 다수,건성,130000
아모레베이직,아모레베이직 선케어 제품 60,베이비,선케어,백탁 없음,재구매율이 높은 제품,민감성,100000
아이오페,아이오페 바디케어 제품 61,남성,바디케어,데일리 사용,가성비가 좋다는 의견이 많음,모든 피부,75000
한율,한율 선케어 제품 62,베이비,선케어,민감피부 사용 가능,효과 체감이 빠르다는 리뷰 다수,복합성,41000
한율,한율 스킨/바디 케어 제품 63,베이비,스킨/바디 케어,데일리 사용,효과 체감이 빠르다는 리뷰 다수,민감성,117000
프리메라,프리메라 구강 제품 64,생활용품,구강,구취 제거,가성비가 좋다는 의견이 많음,민감성,127000
바이탈뷰티,바이탈뷰티 네일 제품 65,메이크업,네일,선명한 컬러,재구매율이 높은 제품,지성,96000
마몽드,마몽드 에센스크림 제품 66,남성,에센스크림,저자극,재구매율이 높은 제품,모든 피부,51000
라네즈,라네즈 퍼퓸 제품 67,향수,퍼퓸,시그니처 향,효과 체감이 빠르다는 리뷰 다수,건성,136000
설화수,설화수 네일 제품 68,메이크업,네일,선명한 컬러,재구매율이 높은 제품,복합성,87000
아이오페,아이오페 팩마스크 제품 69,남성,팩마스크,데일리 사용,효과 체감이 빠르다는 리뷰 다수,민감성,127000
마몽드,마몽드 스킨/바디 케어 제품 70,베이비,스킨/바디 케어,데일리 사용,효과 체감이 빠르다는 리뷰 다수,건성,48000
설화수,설화수 퍼퓸 제품 71,향수,퍼퓸,지속력 우수,향과 사용감에 대한 만족도가 높음,지성,138000
이니스프리,이니스프리 선케어 제품 72,스킨 케어,선케어,민감피부 사용 가능,재구매율이 높은 제품,복합성,20000
설화수,설화수 스킨로션 제품 73,남성,스킨로션,데일리 사용,효과 체감이 빠르다는 리뷰 다수,복합성,42000
프리메라,프리메라 팩마스크 제품 74,남성,팩마스크,데일리 사용,향과 사용감에 대한 만족도가 높음,민감성,47000
설화수,설화수 선케어 제품 75,베이비,선케어,민감피부 사용 가능,가성비가 좋다는 의견이 많음,지성,25000
아모레베이직,아모레베이직 이너뷰티 제품 76,뷰티푸드,이너뷰티,피부 건강 개선,재구매율이 높은 제품,민감성,129000
에이피뷰티,에이피뷰티 이너뷰티 제품 77,뷰티푸드,이너뷰티,항산화,재구매율이 높은 제품,지성,14000
헤라,헤라 스킨/바디 케어 제품 78,베이비,스킨/바디 케어,데일리 사용,자극 없이 순하다는 평가가 많음,건성,125000
롱테이크,롱테이크 이너뷰티 제품 79,뷰티푸드,이너뷰티,항산화,향과 사용감에 대한 만족도가 높음,건성,109000
한율,한율 아이 제품 80,메이크업,아이,롱래스팅,재구매율이 높은 제품,모든 피부,131000
바이탈뷰티,바이탈뷰티 클렌져 제품 81,남성,클렌져,데일리 사용,자극 없이 순하다는 평가가 많음,복합성,95000
설화수,설화수 에센스크림 제품 82,남성,에센스크림,데일리 사용,효과 체감이 빠르다는 리뷰 다수,민감성,20000
아이오페,아이오페 바디케어 제품 83,남성,바디케어,데일리 사용,효과 체감이 빠르다는 리뷰 다수,모든 피부,126000
마몽드,마몽드 스킨/바디 케어 제품 84,베이비,스킨/바디 케어,데일리 사용,향과 사용감에 대한 만족도가 높음,건성,28000
마몽드,마몽드 퍼퓸 제품 85,향수,퍼퓸,시그니처 향,효과 체감이 빠르다는 리뷰 다수,복합성,53000
이니스프리,이니스프리 퍼퓸 제품 86,향수,퍼퓸,시그니처 향,재구매율이 높은 제품,모든 피부,62000
에스트라,에스트라 에센스크림 제품 87,남성,에센스크림,저자극,효과 체감이 빠르다는 리뷰 다수,복합성,51000
아모레베이직,아모레베이직 이너뷰티 제품 88,뷰티푸드,이너뷰티,피부 건강 개선,재구매율이 높은 제품,민감성,78000
이니스프리,이니스프리 치크 제품 89,메이크업,치크,생기 부여,재구매율이 높은 제품,지성,46000
설화수,설화수 스페셜 케어 제품 90,스킨 케어,스페셜 케어,미백 기능성,향과 사용감에 대한 만족도가 높음,복합성,64000
아이오페,아이오페 퍼퓸 제품 91,향수,퍼퓸,지속력 우수,효과 체감이 빠르다는 리뷰 다수,지성,53000
바이탈뷰티,바이탈뷰티 스킨/바디 케어 제품 92,베이비,스킨/바디 케어,저자극,향과 사용감에 대한 만족도가 높음,민감성,64000
롱테이크,롱테이크 선케어 제품 93,스킨 케어,선케어,민감피부 사용 가능,재구매율이 높은 제품,지성,130000
이니스프리,이니스프리 이너뷰티 제품 94,뷰티푸드,이너뷰티,항산화,가성비가 좋다는 의견이 많음,건성,120000
에스트라,에스트라 퍼퓸 제품 95,향수,퍼퓸,시그니처 향,재구매율이 높은 제품,지성,11000
마몽드,마몽드 치크 제품 96,메이크업,치크,생기 부여,가성비가 좋다는 의견이 많음,모든 피부,129000
아이오페,아이오페 바디 제품 97,생활용품,바디,보습 강화,향과 사용감에 대한 만족도가 높음,건성,53000
헤라,헤라 헤어 제품 98,생활용품,헤어,손상 케어,재구매율이 높은 제품,민감성,81000
롱테이크,롱테이크 스킨/바디 케어 제품 99,베이비,스킨/바디 케어,데일리 사용,향과 사용감에 대한 만족도가 높음,민감성,79000
오설록,오설록 선케어 제품 100,베이비,선케어,자외선 차단,향과 사용감에 대한 만족도가 높음,모든 피부,149000
한율,한율 스킨/바디 케어 제품 101,베이비,스킨/바디 케어,저자극,향과 사용감에 대한 만족도가 높음,지성,39000
아이오페,아이오페 스킨/바디 케어 제품 102,베이비,스킨/바디 케어,저자극,재구매율이 높은 제품,민감성,102000
에이피뷰티,에이피뷰티 팩마스크 제품 103,남성,팩마스크,데일리 사용,가성비가 좋다는 의견이 많음,복합성,134000
마몽드,마몽드 스페셜 케어 제품 104,스킨 케어,스페셜 케어,미백 기능성,효과 체감이 빠르다는 리뷰 다수,민감성,117000
헤라,헤라 아이 제품 105,메이크업,아이,롱래스팅,향과 사용감에 대한 만족도가 높음,복합성,139000
설화수,설화수 퍼퓸 제품 106,향수,퍼퓸,시그니처 향,가성비가 좋다는 의견이 많음,모든 피부,52000
설화수,설화수 선케어 제품 107,스킨 케어,선케어,민감피부 사용 가능,재구매율이 높은 제품,지성,52000
한율,한율 퍼퓸 제품 108,향수,퍼퓸,지속력 우수,향과 사용감에 대한 만족도가 높음,모든 피부,121000
오설록,오설록 메이크업 제품 109,남성,메이크업,데일리 사용,자극 없이 순하다는 평가가 많음,모든 피부,86000
라네즈,라네즈 아이 제품 110,메이크업,아이,롱래스팅,효과 체감이 빠르다는 리뷰 다수,지성,123000
에이피뷰티,에이피뷰티 썬/BB 크림 제품 111,남성,썬/BB 크림,데일리 사용,가성비가 좋다는 의견이 많음,모든 피부,48000
에스트라,에스트라 스킨/바디 케어 제품 112,베이비,스킨/바디 케어,데일리 사용,가성비가 좋다는 의견이 많음,복합성,128000
오설록,오설록 네일 제품 113,메이크업,네일,빠른 건조,가성비가 좋다는 의견이 많음,복합성,33000
이니스프리,이니스프리 메이크업 제품 114,남성,메이크업,데일리 사용,재구매율이 높은 제품,지성,100000
마몽드,마몽드 구강 제품 115,생활용품,구강,구취 제거,자극 없이 순하다는 평가가 많음,모든 피부,15000
마몽드,마몽드 스킨/바디 케어 제품 116,베이비,스킨/바디 케어,데일리 사용,향과 사용감에 대한 만족도가 높음,지성,75000
마몽드,마몽드 이너뷰티 제품 117,뷰티푸드,이너뷰티,항산화,자극 없이 순하다는 평가가 많음,민감성,22000
한율,한율 팩마스크 제품 118,남성,팩마스크,데일리 사용,재구매율이 높은 제품,복합성,107000
한율,한율 헤어 제품 119,생활용품,헤어,윤기 강화,효과 체감이 빠르다는 리뷰 다수,복합성,141000
라네즈,라네즈 바디케어 제품 120,남성,바디케어,저자극,재구매율이 높은 제품,민감성,53000
아이오페,아이오페 클렌징 제품 121,스킨 케어,클렌징,보습 유지,효과 체감이 빠르다는 리뷰 다수,민감성,65000
롱테이크,롱테이크 페이스 제품 122,메이크업,페이스,자연스러운 커버,향과 사용감에 대한 만족도가 높음,모든 피부,95000
에스트라,에스트라 아이 제품 123,메이크업,아이,번짐 방지,향과 사용감에 대한 만족도가 높음,모든 피부,100000
롱테이크,롱테이크 선케어 제품 124,베이비,선케어,민감피부 사용 가능,재구매율이 높은 제품,민감성,35000
아모레베이직,아모레베이직 페이스 제품 125,메이크업,페이스,피부톤 보정,가성비가 좋다는 의견이 많음,모든 피부,126000
프리메라,프리메라 퍼퓸 제품 126,향수,퍼퓸,지속력 우수,재구매율이 높은 제품,복합성,113000
오설록,오설록 페이스 제품 127,메이크업,페이스,자연스러운 커버,자극 없이 순하다는 평가가 많음,민감성,133000
이니스프리,이니스프리 스페셜 케어 제품 128,스킨 케어,스페셜 케어,집중 케어,가성비가 좋다는 의견이 많음,모든 피부,125000
프리메라,프리메라 선케어 제품 129,베이비,선케어,민감피부 사용 가능,가성비가 좋다는 의견이 많음,민감성,119000
헤라,헤라 스킨/바디 케어 제품 130,베이비,스킨/바디 케어,데일리 사용,가성비가 좋다는 의견이 많음,건성,56000
마몽드,마몽드 이너뷰티 제품 131,뷰티푸드,이너뷰티,피부 건강 개선,가성비가 좋다는 의견이 많음,복합성,8000
프리메라,프리메라 이너뷰티 제품 132,뷰티푸드,이너뷰티,항산화,재구매율이 높은 제품,모든 피부,16000
라네즈,라네즈 립 제품 133,메이크업,립,보습감,가성비가 좋다는 의견이 많음,모든 피부,55000
헤라,헤라 바디 제품 134,생활용품,바디,산뜻한 마무리,자극 없이 순하다는 평가가 많음,건성,23000
에스트라,에스트라 치크 제품 135,메이크업,치크,생기 부여,재구매율이 높은 제품,지성,116000
이니스프리,이니스프리 스킨/바디 케어 제품 136,베이비,스킨/바디 케어,데일리 사용,가성비가 좋다는 의견이 많음,민감성,98000
한율,한율 구강 제품 137,생활용품,구강,구취 제거,자극 없이 순하다는 평가가 많음,지성,62000
바이탈뷰티,바이탈뷰티 헤어케어 제품 138,남성,헤어케어,저자극,재구매율이 높은 제품,민감성,28000
에이피뷰티,에이피뷰티 팩마스크 제품 139,남성,팩마스크,데일리 사용,가성비가 좋다는 의견이 많음,지성,87000
한율,한율 이너뷰티 제품 140,뷰티푸드,이너뷰티,항산화,재구매율이 높은 제품,민감성,134000
에이피뷰티,에이피뷰티 바디 제품 141,생활용품,바디,보습 강화,향과 사용감에 대한 만족도가 높음,복합성,10000
아모레베이직,아모레베이직 선케어 제품 142,스킨 케어,선케어,민감피부 사용 가능,가성비가 좋다는 의견이 많음,모든 피부,30000
바이탈뷰티,바이탈뷰티 구강 제품 143,생활용품,구강,구취 제거,향과 사용감에 대한 만족도가 높음,민감성,105000
마몽드,마몽드 선케어 제품 144,베이비,선케어,민감피부 사용 가능,자극 없이 순하다는 평가가 많음,지성,130000
헤라,헤라 에센스크림 제품 145,남성,에센스크림,데일리 사용,재구매율이 높은 제품,민감성,29000
마몽드,마몽드 선케어 제품 146,베이비,선케어,자외선 차단,효과 체감이 빠르다는 리뷰 다수,건성,84000
아모레베이직,아모레베이직 이너뷰티 제품 147,뷰티푸드,이너뷰티,항산화,가성비가 좋다는 의견이 많음,건성,31000
프리메라,프리메라 네일 제품 148,메이크업,네일,선명한 컬러,재구매율이 높은 제품,건성,132000
아모레베이직,아모레베이직 퍼퓸 제품 149,향수,퍼퓸,지속력 우수,자극 없이 순하다는 평가가 많음,복합성,107000
아이오페,아이오페 페이스 제품 150,메이크업,페이스,피부톤 보정,가성비가 좋다는 의견이 많음,건성,149000
롱테이크,롱테이크 선케어 제품 151,베이비,선케어,민감피부 사용 가능,효과 체감이 빠르다는 리뷰 다수,모든 피부,51000
마몽드,마몽드 팩마스크 제품 152,남성,팩마스크,데일리 사용,효과 체감이 빠르다는 리뷰 다수,지성,34000
헤라,헤라 퍼퓸 제품 153,향수,퍼퓸,시그니처 향,재구매율이 높은 제품,지성,44000
이니스프리,이니스프리 이너뷰티 제품 154,뷰티푸드,이너뷰티,항산화,효과 체감이 빠르다는 리뷰 다수,복합성,52000
프리메라,프리메라 바디 제품 155,생활용품,바디,보습 강화,재구매율이 높은 제품,민감성,10000
라네즈,라네즈 퍼퓸 제품 156,향수,퍼퓸,시그니처 향,효과 체감이 빠르다는 리뷰 다수,지성,76000
바이탈뷰티,바이탈뷰티 선케어 제품 157,베이비,선케어,자외선 차단,재구매율이 높은 제품,모든 피부,77000
에스트라,에스트라 모이스처라이징 제품 158,스킨 케어,모이스처라이징,수분 지속,가성비가 좋다는 의견이 많음,모든 피부,39000
헤라,헤라 이너뷰티 제품 159,뷰티푸드,이너뷰티,항산화,효과 체감이 빠르다는 리뷰 다수,지성,148000
바이탈뷰티,바이탈뷰티 바디 제품 160,생활용품,바디,보습 강화,향과 사용감에 대한 만족도가 높음,지성,38000
롱테이크,롱테이크 스페셜 케어 제품 161,스킨 케어,스페셜 케어,집중 케어,향과 사용감에 대한 만족도가 높음,건성,9000
프리메라,프리메라 네일 제품 162,메이크업,네일,선명한 컬러,향과 사용감에 대한 만족도가 높음,민감성,125000
에이피뷰티,에이피뷰티 구강 제품 163,생활용품,구강,저자극,재구매율이 높은 제품,복합성,45000
롱테이크,롱테이크 메이크업 제품 164,남성,메이크업,데일리 사용,자극 없이 순하다는 평가가 많음,건성,65000
라네즈,라네즈 페이스 제품 165,메이크업,페이스,피부톤 보정,효과 체감이 빠르다는 리뷰 다수,건성,132000
헤라,헤라 선케어 제품 166,베이비,선케어,자외선 차단,향과 사용감에 대한 만족도가 높음,건성,30000
마몽드,마몽드 스킨/바디 케어 제품 167,베이비,스킨/바디 케어,저자극,향과 사용감에 대한 만족도가 높음,복합성,89000
프리메라,프리메라 스킨/바디 케어 제품 168,베이비,스킨/바디 케어,데일리 사용,향과 사용감에 대한 만족도가 높음,지성,45000
아모레베이직,아모레베이직 이너뷰티 제품 169,뷰티푸드,이너뷰티,피부 건강 개선,효과 체감이 빠르다는 리뷰 다수,복합성,81000
프리메라,프리메라 퍼퓸 제품 170,향수,퍼퓸,시그니처 향,재구매율이 높은 제품,민감성,135000
롱테이크,롱테이크 헤어 제품 171,생활용품,헤어,손상 케어,효과 체감이 빠르다는 리뷰 다수,건성,136000
에이피뷰티,에이피뷰티 치크 제품 172,메이크업,치크,자연 발색,자극 없이 순하다는 평가가 많음,민감성,84000
에스트라,에스트라 선케어 제품 173,베이비,선케어,자외선 차단,가성비가 좋다는 의견이 많음,모든 피부,46000
아모레베이직,아모레베이직 선케어 제품 174,베이비,선케어,백탁 없음,향과 사용감에 대한 만족도가 높음,복합성,131000
설화수,설화수 스킨/바디 케어 제품 175,베이비,스킨/바디 케어,저자극,재구매율이 높은 제품,지성,10000
설화수,설화수 퍼퓸 제품 176,향수,퍼퓸,지속력 우수,효과 체감이 빠르다는 리뷰 다수,모든 피부,144000
한율,한율 이너뷰티 제품 177,뷰티푸드,이너뷰티,항산화,재구매율이 높은 제품,모든 피부,137000
이니스프리,이니스프리 팩마스크 제품 178,남성,팩마스크,데일리 사용,효과 체감이 빠르다는 리뷰 다수,건성,42000
롱테이크,롱테이크 구강 제품 179,생활용품,구강,저자극,자극 없이 순하다는 평가가 많음,민감성,88000
헤라,헤라 네일 제품 180,메이크업,네일,빠른 건조,향과 사용감에 대한 만족도가 높음,건성,64000
아이오페,아이오페 클렌징 제품 181,스킨 케어,클렌징,미세먼지 제거,향과 사용감에 대한 만족도가 높음,지성,68000
헤라,헤라 모이스처라이징 제품 182,스킨 케어,모이스처라이징,고보습,재구매율이 높은 제품,복합성,47000
오설록,오설록 이너뷰티 제품 183,뷰티푸드,이너뷰티,피부 건강 개선,재구매율이 높은 제품,모든 피부,108000
헤라,헤라 선케어 제품 184,베이비,선케어,자외선 차단,향과 사용감에 대한 만족도가 높음,모든 피부,80000
이니스프리,이니스프리 이너뷰티 제품 185,뷰티푸드,이너뷰티,피부 건강 개선,향과 사용감에 대한 만족도가 높음,지성,75000
에스트라,에스트라 헤어케어 제품 186,남성,헤어케어,저자극,재구매율이 높은 제품,지성,51000
에이피뷰티,에이피뷰티 이너뷰티 제품 187,뷰티푸드,이너뷰티,항산화,재구매율이 높은 제품,민감성,65000
롱테이크,롱테이크 이너뷰티 제품 188,뷰티푸드,이너뷰티,피부 건강 개선,효과 체감이 빠르다는 리뷰 다수,모든 피부,28000
설화수,설화수 선케어 제품 189,베이비,선케어,민감피부 사용 가능,재구매율이 높은 제품,모든 피부,45000
프리메라,프리메라 아이 제품 190,메이크업,아이,롱래스팅,자극 없이 순하다는 평가가 많음,모든 피부,138000
바이탈뷰티,바이탈뷰티 네일 제품 191,메이크업,네일,선명한 컬러,향과 사용감에 대한 만족도가 높음,모든 피부,72000
아이오페,아이오페 구강 제품 192,생활용품,구강,저자극,자극 없이 순하다는 평가가 많음,복합성,46000
헤라,헤라 스페셜 케어 제품 193,스킨 케어,스페셜 케어,집중 케어,재구매율이 높은 제품,민감성,113000
바이탈뷰티,바이탈뷰티 퍼퓸 제품 194,향수,퍼퓸,시그니처 향,자극 없이 순하다는 평가가 많음,건성,76000
라네즈,라네즈 스페셜 케어 제품 195,스킨 케어,스페셜 케어,미백 기능성,재구매율이 높은 제품,복합성,107000
설화수,설화수 이너뷰티 제품 196,뷰티푸드,이너뷰티,항산화,효과 체감이 빠르다는 리뷰 다수,건성,143000
한율,한율 이너뷰티 제품 197,뷰티푸드,이너뷰티,피부 건강 개선,효과 체감이 빠르다는 리뷰 다수,모든 피부,89000
오설록,오설록 이너뷰티 제품 198,뷰티푸드,이너뷰티,항산화,가성비가 좋다는 의견이 많음,건성,126000
헤라,헤라 선케어 제품 199,베이비,선케어,민감피부 사용 가능,재구매율이 높은 제품,건성,99000
아이오페,아이오페 썬/BB 크림 제품 200,남성,썬/BB 크림,데일리 사용,가성비가 좋다는 의견이 많음,지성,92000
마몽드,마몽드 립 제품 201,메이크업,립,보습감,자극 없이 순하다는 평가가 많음,민감성,93000
롱테이크,롱테이크 선케어 제품 202,스킨 케어,선케어,백탁 없음,효과 체감이 빠르다는 리뷰 다수,지성,9000
이니스프리,이니스프리 퍼퓸 제품 203,향수,퍼퓸,지속력 우수,향과 사용감에 대한 만족도가 높음,복합성,76000
에이피뷰티,에이피뷰티 이너뷰티 제품 204,뷰티푸드,이너뷰티,항산화,재구매율이 높은 제품,지성,115000
헤라,헤라 이너뷰티 제품 205,뷰티푸드,이너뷰티,항산화,자극 없이 순하다는 평가가 많음,건성,21000
라네즈,라네즈 쉐이빙 제품 206,남성,쉐이빙,데일리 사용,재구매율이 높은 제품,모든 피부,75000
롱테이크,롱테이크 스페셜 케어 제품 207,스킨 케어,스페셜 케어,집중 케어,효과 체감이 빠르다는 리뷰 다수,민감성,13000
마몽드,마몽드 이너뷰티 제품 208,뷰티푸드,이너뷰티,피부 건강 개선,효과 체감이 빠르다는 리뷰 다수,모든 피부,145000
에스트라,에스트라 이너뷰티 제품 209,뷰티푸드,이너뷰티,항산화,향과 사용감에 대한 만족도가 높음,모든 피부,23000
한율,한율 퍼퓸 제품 210,향수,퍼퓸,지속력 우수,자극 없이 순하다는 평가가 많음,지성,64000
라네즈,라네즈 스킨/바디 케어 제품 211,베이비,스킨/바디 케어,데일리 사용,자극 없이 순하다는 평가가 많음,건성,119000
오설록,오설록 퍼퓸 제품 212,향수,퍼퓸,지속력 우수,가성비가 좋다는 의견이 많음,모든 피부,61000
아모레베이직,아모레베이직 립 제품 213,메이크업,립,보습감,재구매율이 높은 제품,모든 피부,21000
아모레베이직,아모레베이직 이너뷰티 제품 214,뷰티푸드,이너뷰티,피부 건강 개선,재구매율이 높은 제품,복합성,124000
프리메라,프리메라 페이스 제품 215,메이크업,페이스,피부톤 보정,가성비가 좋다는 의견이 많음,복합성,17000
라네즈,라네즈 퍼퓸 제품 216,향수,퍼퓸,지속력 우수,가성비가 좋다는 의견이 많음,지성,136000
설화수,설화수 클렌징 제품 217,스킨 케어,클렌징,보습 유지,향과 사용감에 대한 만족도가 높음,모든 피부,142000
라네즈,라네즈 바디 제품 218,생활용품,바디,산뜻한 마무리,가성비가 좋다는 의견이 많음,건성,71000
바이탈뷰티,바이탈뷰티 선케어 제품 219,베이비,선케어,민감피부 사용 가능,가성비가 좋다는 의견이 많음,모든 피부,33000
설화수,설화수 모이스처라이징 제품 220,스킨 케어,모이스처라이징,고보습,향과 사용감에 대한 만족도가 높음,지성,14000
한율,한율 스킨로션 제품 221,남성,스킨로션,데일리 사용,향과 사용감에 대한 만족도가 높음,모든 피부,30000
아이오페,아이오페 페이스 제품 222,메이크업,페이스,자연스러운 커버,향과 사용감에 대한 만족도가 높음,민감성,113000
롱테이크,롱테이크 이너뷰티 제품 223,뷰티푸드,이너뷰티,피부 건강 개선,효과 체감이 빠르다는 리뷰 다수,건성,94000
헤라,헤라 클렌징 제품 224,스킨 케어,클렌징,저자극 세정,향과 사용감에 대한 만족도가 높음,복합성,71000
바이탈뷰티,바이탈뷰티 퍼퓸 제품 225,향수,퍼퓸,지속력 우수,자극 없이 순하다는 평가가 많음,민감성,76000
에이피뷰티,에이피뷰티 클렌징 제품 226,스킨 케어,클렌징,저자극 세정,가성비가 좋다는 의견이 많음,민감성,83000
라네즈,라네즈 이너뷰티 제품 227,뷰티푸드,이너뷰티,피부 건강 개선,효과 체감이 빠르다는 리뷰 다수,지성,11000
헤라,헤라 모이스처라이징 제품 228,스킨 케어,모이스처라이징,고보습,재구매율이 높은 제품,건성,110000
마몽드,마몽드 이너뷰티 제품 229,뷰티푸드,이너뷰티,항산화,향과 사용감에 대한 만족도가 높음,지성,79000
오설록,오설록 바디 제품 230,생활용품,바디,산뜻한 마무리,자극 없이 순하다는 평가가 많음,민감성,50000
프리메라,프리메라 바디케어 제품 231,남성,바디케어,저자극,자극 없이 순하다는 평가가 많음,민감성,27000
바이탈뷰티,바이탈뷰티 네일 제품 232,메이크업,네일,선명한 컬러,재구매율이 높은 제품,민감성,127000
에이피뷰티,에이피뷰티 모이스처라이징 제품 233,스킨 케어,모이스처라이징,장벽 강화,자극 없이 순하다는 평가가 많음,지성,82000
한율,한율 이너뷰티 제품 234,뷰티푸드,이너뷰티,피부 건강 개선,향과 사용감에 대한 만족도가 높음,모든 피부,32000
에이피뷰티,에이피뷰티 팩마스크 제품 235,남성,팩마스크,데일리 사용,재구매율이 높은 제품,모든 피부,10000
롱테이크,롱테이크 헤어케어 제품 236,남성,헤어케어,저자극,자극 없이 순하다는 평가가 많음,건성,145000
라네즈,라네즈 이너뷰티 제품 237,뷰티푸드,이너뷰티,항산화,자극 없이 순하다는 평가가 많음,복합성,110000
아이오페,아이오페 구강 제품 238,생활용품,구강,구취 제거,재구매율이 높은 제품,복합성,127000
이니스프리,이니스프리 퍼퓸 제품 239,향수,퍼퓸,시그니처 향,자극 없이 순하다는 평가가 많음,민감성,67000
한율,한율 클렌징 제품 240,스킨 케어,클렌징,보습 유지,효과 체감이 빠르다는 리뷰 다수,건성,144000
이니스프리,이니스프리 이너뷰티 제품 241,뷰티푸드,이너뷰티,피부 건강 개선,재구매율이 높은 제품,민감성,81000
라네즈,라네즈 쉐이빙 제품 242,남성,쉐이빙,저자극,향과 사용감에 대한 만족도가 높음,지성,44000
한율,한율 쉐이빙 제품 243,남성,쉐이빙,저자극,가성비가 좋다는 의견이 많음,건성,98000
아이오페,아이오페 구강 제품 244,생활용품,구강,저자극,재구매율이 높은 제품,지성,101000
설화수,설화수 스페셜 케어 제품 245,스킨 케어,스페셜 케어,집중 케어,효과 체감이 빠르다는 리뷰 다수,복합성,61000
바이탈뷰티,바이탈뷰티 바디 제품 246,생활용품,바디,산뜻한 마무리,효과 체감이 빠르다는 리뷰 다수,모든 피부,33000
라네즈,라네즈 퍼퓸 제품 247,향수,퍼퓸,시그니처 향,재구매율이 높은 제품,모든 피부,17000
한율,한율 선케어 제품 248,베이비,선케어,자외선 차단,가성비가 좋다는 의견이 많음,모든 피부,147000
아이오페,아이오페 퍼퓸 제품 249,향수,퍼퓸,지속력 우수,자극 없이 순하다는 평가가 많음,건성,22000
아이오페,아이오페 헤어 제품 250,생활용품,헤어,손상 케어,재구매율이 높은 제품,건성,81000
에이피뷰티,에이피뷰티 선케어 제품 251,베이비,선케어,자외선 차단,재구매율이 높은 제품,복합성,99000
오설록,오설록 구강 제품 252,생활용품,구강,저자극,효과 체감이 빠르다는 리뷰 다수,지성,8000
에스트라,에스트라 스킨로션 제품 253,남성,스킨로션,데일리 사용,효과 체감이 빠르다는 리뷰 다수,복합성,19000
에스트라,에스트라 클렌져 제품 254,남성,클렌져,데일리 사용,가성비가 좋다는 의견이 많음,지성,68000
이니스프리,이니스프리 스킨/바디 케어 제품 255,베이비,스킨/바디 케어,데일리 사용,가성비가 좋다는 의견이 많음,복합성,102000
한율,한율 치크 제품 256,메이크업,치크,생기 부여,향과 사용감에 대한 만족도가 높음,민감성,32000
헤라,헤라 페이스 제품 257,메이크업,페이스,자연스러운 커버,효과 체감이 빠르다는 리뷰 다수,건성,111000
아모레베이직,아모레베이직 퍼퓸 제품 258,향수,퍼퓸,시그니처 향,향과 사용감에 대한 만족도가 높음,지성,17000
마몽드,마몽드 모이스처라이징 제품 259,스킨 케어,모이스처라이징,장벽 강화,향과 사용감에 대한 만족도가 높음,복합성,116000
에이피뷰티,에이피뷰티 이너뷰티 제품 260,뷰티푸드,이너뷰티,항산화,자극 없이 순하다는 평가가 많음,지성,33000
이니스프리,이니스프리 스킨/바디 케어 제품 261,베이비,스킨/바디 케어,저자극,재구매율이 높은 제품,민감성,136000
롱테이크,롱테이크 이너뷰티 제품 262,뷰티푸드,이너뷰티,항산화,재구매율이 높은 제품,복합성,86000
한율,한율 헤어케어 제품 263,남성,헤어케어,데일리 사용,효과 체감이 빠르다는 리뷰 다수,지성,67000
아이오페,아이오페 퍼퓸 제품 264,향수,퍼퓸,지속력 우수,가성비가 좋다는 의견이 많음,복합성,92000
헤라,헤라 아이 제품 265,메이크업,아이,번짐 방지,가성비가 좋다는 의견이 많음,복합성,18000
한율,한율 클렌져 제품 266,남성,클렌져,저자극,효과 체감이 빠르다는 리뷰 다수,지성,130000
에이피뷰티,에이피뷰티 선케어 제품 267,베이비,선케어,백탁 없음,자극 없이 순하다는 평가가 많음,복합성,77000
롱테이크,롱테이크 네일 제품 268,메이크업,네일,빠른 건조,효과 체감이 빠르다는 리뷰 다수,건성,142000
아이오페,아이오페 선케어 제품 269,베이비,선케어,민감피부 사용 가능,향과 사용감에 대한 만족도가 높음,건성,18000
이니스프리,이니스프리 스킨/바디 케어 제품 270,베이비,스킨/바디 케어,데일리 사용,가성비가 좋다는 의견이 많음,민감성,86000
아이오페,아이오페 모이스처라이징 제품 271,스킨 케어,모이스처라이징,수분 지속,향과 사용감에 대한 만족도가 높음,민감성,112000
롱테이크,롱테이크 이너뷰티 제품 272,뷰티푸드,이너뷰티,피부 건강 개선,재구매율이 높은 제품,지성,66000
아이오페,아이오페 스킨/바디 케어 제품 273,베이비,스킨/바디 케어,저자극,자극 없이 순하다는 평가가 많음,건성,145000
바이탈뷰티,바이탈뷰티 구강 제품 274,생활용품,구강,저자극,자극 없이 순하다는 평가가 많음,복합성,38000
아모레베이직,아모레베이직 퍼퓸 제품 275,향수,퍼퓸,지속력 우수,효과 체감이 빠르다는 리뷰 다수,민감성,15000
바이탈뷰티,바이탈뷰티 이너뷰티 제품 276,뷰티푸드,이너뷰티,피부 건강 개선,향과 사용감에 대한 만족도가 높음,지성,90000
아모레베이직,아모레베이직 클렌져 제품 277,남성,클렌져,저자극,효과 체감이 빠르다는 리뷰 다수,모든 피부,17000
아모레베이직,아모레베이직 퍼퓸 제품 278,향수,퍼퓸,지속력 우수,효과 체감이 빠르다는 리뷰 다수,민감성,48000
아모레베이직,아모레베이직 구강 제품 279,생활용품,구강,저자극,가성비가 좋다는 의견이 많음,건성,13000
라네즈,라네즈 모이스처라이징 제품 280,스킨 케어,모이스처라이징,고보습,효과 체감이 빠르다는 리뷰 다수,건성,106000
롱테이크,롱테이크 퍼퓸 제품 281,향수,퍼퓸,지속력 우수,자극 없이 순하다는 평가가 많음,지성,47000
설화수,설화수 헤어 제품 282,생활용품,헤어,손상 케어,재구매율이 높은 제품,건성,59000
아이오페,아이오페 클렌징 제품 283,스킨 케어,클렌징,미세먼지 제거,재구매율이 높은 제품,모든 피부,124000
에스트라,에스트라 네일 제품 284,메이크업,네일,빠른 건조,가성비가 좋다는 의견이 많음,민감성,30000
라네즈,라네즈 이너뷰티 제품 285,뷰티푸드,이너뷰티,피부 건강 개선,자극 없이 순하다는 평가가 많음,모든 피부,145000
바이탈뷰티,바이탈뷰티 치크 제품 286,메이크업,치크,생기 부여,가성비가 좋다는 의견이 많음,민감성,131000
바이탈뷰티,바이탈뷰티 팩마스크 제품 287,남성,팩마스크,데일리 사용,재구매율이 높은 제품,복합성,100000
아모레베이직,아모레베이직 모이스처라이징 제품 288,스킨 케어,모이스처라이징,고보습,가성비가 좋다는 의견이 많음,지성,90000
에이피뷰티,에이피뷰티 바디 제품 289,생활용품,바디,산뜻한 마무리,향과 사용감에 대한 만족도가 높음,건성,45000
마몽드,마몽드 메이크업 제품 290,남성,메이크업,저자극,재구매율이 높은 제품,복합성,61000
바이탈뷰티,바이탈뷰티 모이스처라이징 제품 291,스킨 케어,모이스처라이징,장벽 강화,자극 없이 순하다는 평가가 많음,민감성,65000
아모레베이직,아모레베이직 스킨/바디 케어 제품 292,베이비,스킨/바디 케어,저자극,가성비가 좋다는 의견이 많음,모든 피부,37000
프리메라,프리메라 이너뷰티 제품 293,뷰티푸드,이너뷰티,피부 건강 개선,가성비가 좋다는 의견이 많음,지성,102000
한율,한율 이너뷰티 제품 294,뷰티푸드,이너뷰티,항산화,효과 체감이 빠르다는 리뷰 다수,복합성,91000
바이탈뷰티,바이탈뷰티 스킨/바디 케어 제품 295,베이비,스킨/바디 케어,저자극,향과 사용감에 대한 만족도가 높음,건성,43000
롱테이크,롱테이크 바디케어 제품 296,남성,바디케어,저자극,가성비가 좋다는 의견이 많음,민감성,84000
바이탈뷰티,바이탈뷰티 스페셜 케어 제품 297,스킨 케어,스페셜 케어,집중 케어,재구매율이 높은 제품,민감성,32000
에이피뷰티,에이피뷰티 구강 제품 298,생활용품,구강,구취 제거,재구매율이 높은 제품,지성,14000
이니스프리,이니스프리 헤어 제품 299,생활용품,헤어,손상 케어,향과 사용감에 대한 만족도가 높음,복합성,86000
이니스프리,이니스프리 이너뷰티 제품 300,뷰티푸드,이너뷰티,항산화,가성비가 좋다는 의견이 많음,복합성,96000
아모레베이직,아모레베이직 이너뷰티 제품 301,뷰티푸드,이너뷰티,피부 건강 개선,자극 없이 순하다는 평가가 많음,민감성,14000
아이오페,아이오페 퍼퓸 제품 302,향수,퍼퓸,시그니처 향,자극 없이 순하다는 평가가 많음,건성,96000
라네즈,라네즈 퍼퓸 제품 303,향수,퍼퓸,지속력 우수,자극 없이 순하다는 평가가 많음,민감성,67000
헤라,헤라 스페셜 케어 제품 304,스킨 케어,스페셜 케어,미백 기능성,재구매율이 높은 제품,복합성,17000
롱테이크,롱테이크 페이스 제품 305,메이크업,페이스,피부톤 보정,향과 사용감에 대한 만족도가 높음,지성,36000
설화수,설화수 선케어 제품 306,베이비,선케어,백탁 없음,향과 사용감에 대한 만족도가 높음,건성,73000
한율,한율 립 제품 307,메이크업,립,선명한 발색,효과 체감이 빠르다는 리뷰 다수,민감성,131000
에스트라,에스트라 선케어 제품 308,스킨 케어,선케어,백탁 없음,효과 체감이 빠르다는 리뷰 다수,모든 피부,40000
라네즈,라네즈 립 제품 309,메이크업,립,선명한 발색,자극 없이 순하다는 평가가 많음,지성,28000
에스트라,에스트라 퍼퓸 제품 310,향수,퍼퓸,시그니처 향,재구매율이 높은 제품,민감성,72000
오설록,오설록 모이스처라이징 제품 311,스킨 케어,모이스처라이징,장벽 강화,향과 사용감에 대한 만족도가 높음,지성,56000
프리메라,프리메라 선케어 제품 312,스킨 케어,선케어,민감피부 사용 가능,자극 없이 순하다는 평가가 많음,민감성,40000
라네즈,라네즈 퍼퓸 제품 313,향수,퍼퓸,시그니처 향,향과 사용감에 대한 만족도가 높음,모든 피부,115000
아이오페,아이오페 페이스 제품 314,메이크업,페이스,피부톤 보정,효과 체감이 빠르다는 리뷰 다수,민감성,81000
아이오페,아이오페 선케어 제품 315,베이비,선케어,백탁 없음,가성비가 좋다는 의견이 많음,지성,9000
아이오페,아이오페 구강 제품 316,생활용품,구강,저자극,가성비가 좋다는 의견이 많음,민감성,64000
프리메라,프리메라 에센스크림 제품 317,남성,에센스크림,저자극,재구매율이 높은 제품,복합성,47000
아모레베이직,아모레베이직 썬/BB 크림 제품 318,남성,썬/BB 크림,데일리 사용,가성비가 좋다는 의견이 많음,모든 피부,96000
바이탈뷰티,바이탈뷰티 메이크업 제품 319,남성,메이크업,저자극,효과 체감이 빠르다는 리뷰 다수,민감성,82000
에이피뷰티,에이피뷰티 스킨/바디 케어 제품 320,베이비,스킨/바디 케어,데일리 사용,효과 체감이 빠르다는 리뷰 다수,건성,33000
설화수,설화수 헤어 제품 321,생활용품,헤어,손상 케어,향과 사용감에 대한 만족도가 높음,민감성,100000
한율,한율 아이 제품 322,메이크업,아이,롱래스팅,가성비가 좋다는 의견이 많음,건성,66000
바이탈뷰티,바이탈뷰티 이너뷰티 제품 323,뷰티푸드,이너뷰티,항산화,효과 체감이 빠르다는 리뷰 다수,지성,136000
마몽드,마몽드 헤어 제품 324,생활용품,헤어,윤기 강화,가성비가 좋다는 의견이 많음,복합성,37000
에스트라,에스트라 선케어 제품 325,베이비,선케어,민감피부 사용 가능,자극 없이 순하다는 평가가 많음,민감성,28000
마몽드,마몽드 선케어 제품 326,베이비,선케어,자외선 차단,자극 없이 순하다는 평가가 많음,건성,64000
에이피뷰티,에이피뷰티 선케어 제품 327,베이비,선케어,백탁 없음,효과 체감이 빠르다는 리뷰 다수,건성,84000
아이오페,아이오페 바디 제품 328,생활용품,바디,산뜻한 마무리,향과 사용감에 대한 만족도가 높음,민감성,92000
라네즈,라네즈 선케어 제품 329,베이비,선케어,자외선 차단,재구매율이 높은 제품,복합성,13000
마몽드,마몽드 이너뷰티 제품 330,뷰티푸드,이너뷰티,피부 건강 개선,재구매율이 높은 제품,모든 피부,36000
설화수,설화수 바디 제품 331,생활용품,바디,산뜻한 마무리,자극 없이 순하다는 평가가 많음,복합성,73000
이니스프리,이니스프리 퍼퓸 제품 332,향수,퍼퓸,시그니처 향,자극 없이 순하다는 평가가 많음,모든 피부,121000
설화수,설화수 페이스 제품 333,메이크업,페이스,피부톤 보정,가성비가 좋다는 의견이 많음,모든 피부,107000
설화수,설화수 스킨/바디 케어 제품 334,베이비,스킨/바디 케어,저자극,재구매율이 높은 제품,건성,47000
헤라,헤라 립 제품 335,메이크업,립,선명한 발색,향과 사용감에 대한 만족도가 높음,지성,133000
마몽드,마몽드 에센스크림 제품 336,남성,에센스크림,저자극,자극 없이 순하다는 평가가 많음,민감성,20000
라네즈,라네즈 스킨/바디 케어 제품 337,베이비,스킨/바디 케어,데일리 사용,재구매율이 높은 제품,건성,75000
아모레베이직,아모레베이직 이너뷰티 제품 338,뷰티푸드,이너뷰티,피부 건강 개선,자극 없이 순하다는 평가가 많음,복합성,144000
아이오페,아이오페 구강 제품 339,생활용품,구강,저자극,향과 사용감에 대한 만족도가 높음,복합성,103000
한율,한율 퍼퓸 제품 340,향수,퍼퓸,시그니처 향,효과 체감이 빠르다는 리뷰 다수,복합성,24000
아모레베이직,아모레베이직 헤어 제품 341,생활용품,헤어,윤기 강화,향과 사용감에 대한 만족도가 높음,건성,24000
이니스프리,이니스프리 이너뷰티 제품 342,뷰티푸드,이너뷰티,항산화,향과 사용감에 대한 만족도가 높음,건성,14000
프리메라,프리메라 스킨/바디 케어 제품 343,베이비,스킨/바디 케어,데일리 사용,자극 없이 순하다는 평가가 많음,지성,68000
헤라,헤라 이너뷰티 제품 344,뷰티푸드,이너뷰티,항산화,가성비가 좋다는 의견이 많음,건성,62000
한율,한율 이너뷰티 제품 345,뷰티푸드,이너뷰티,피부 건강 개선,효과 체감이 빠르다는 리뷰 다수,건성,41000
에스트라,에스트라 헤어 제품 346,생활용품,헤어,윤기 강화,효과 체감이 빠르다는 리뷰 다수,지성,65000
헤라,헤라 이너뷰티 제품 347,뷰티푸드,이너뷰티,항산화,효과 체감이 빠르다는 리뷰 다수,건성,21000
에이피뷰티,에이피뷰티 퍼퓸 제품 348,향수,퍼퓸,지속력 우수,가성비가 좋다는 의견이 많음,민감성,139000
아모레베이직,아모레베이직 헤어 제품 349,생활용품,헤어,윤기 강화,자극 없이 순하다는 평가가 많음,민감성,8000
설화수,설화수 퍼퓸 제품 350,향수,퍼퓸,지속력 우수,재구매율이 높은 제품,건성,72000
마몽드,마몽드 스페셜 케어 제품 351,스킨 케어,스페셜 케어,미백 기능성,가성비가 좋다는 의견이 많음,복합성,21000
한율,한율 바디 제품 352,생활용품,바디,보습 강화,향과 사용감에 대한 만족도가 높음,지성,63000
라네즈,라네즈 이너뷰티 제품 353,뷰티푸드,이너뷰티,항산화,향과 사용감에 대한 만족도가 높음,모든 피부,118000
라네즈,라네즈 이너뷰티 제품 354,뷰티푸드,이너뷰티,항산화,효과 체감이 빠르다는 리뷰 다수,건성,33000
바이탈뷰티,바이탈뷰티 이너뷰티 제품 355,뷰티푸드,이너뷰티,피부 건강 개선,자극 없이 순하다는 평가가 많음,건성,83000
이니스프리,이니스프리 클렌징 제품 356,스킨 케어,클렌징,저자극 세정,재구매율이 높은 제품,민감성,85000
롱테이크,롱테이크 선케어 제품 357,베이비,선케어,백탁 없음,향과 사용감에 대한 만족도가 높음,지성,36000
라네즈,라네즈 스킨/바디 케어 제품 358,베이비,스킨/바디 케어,저자극,향과 사용감에 대한 만족도가 높음,복합성,118000
이니스프리,이니스프리 퍼퓸 제품 359,향수,퍼퓸,시그니처 향,향과 사용감에 대한 만족도가 높음,모든 피부,15000
한율,한율 이너뷰티 제품 360,뷰티푸드,이너뷰티,항산화,가성비가 좋다는 의견이 많음,복합성,59000
헤라,헤라 에센스크림 제품 361,남성,에센스크림,데일리 사용,재구매율이 높은 제품,복합성,52000
프리메라,프리메라 선케어 제품 362,베이비,선케어,백탁 없음,효과 체감이 빠르다는 리뷰 다수,복합성,126000
바이탈뷰티,바이탈뷰티 퍼퓸 제품 363,향수,퍼퓸,시그니처 향,가성비가 좋다는 의견이 많음,지성,145000
프리메라,프리메라 이너뷰티 제품 364,뷰티푸드,이너뷰티,항산화,재구매율이 높은 제품,모든 피부,12000
라네즈,라네즈 스킨/바디 케어 제품 365,베이비,스킨/바디 케어,저자극,효과 체감이 빠르다는 리뷰 다수,건성,133000
헤라,헤라 팩마스크 제품 366,남성,팩마스크,저자극,재구매율이 높은 제품,복합성,72000
이니스프리,이니스프리 스킨/바디 케어 제품 367,베이비,스킨/바디 케어,저자극,향과 사용감에 대한 만족도가 높음,건성,102000
에이피뷰티,에이피뷰티 퍼퓸 제품 368,향수,퍼퓸,지속력 우수,가성비가 좋다는 의견이 많음,건성,122000
라네즈,라네즈 헤어 제품 369,생활용품,헤어,윤기 강화,향과 사용감에 대한 만족도가 높음,모든 피부,101000
마몽드,마몽드 헤어 제품 370,생활용품,헤어,손상 케어,자극 없이 순하다는 평가가 많음,지성,146000
롱테이크,롱테이크 치크 제품 371,메이크업,치크,생기 부여,효과 체감이 빠르다는 리뷰 다수,건성,57000
에이피뷰티,에이피뷰티 이너뷰티 제품 372,뷰티푸드,이너뷰티,피부 건강 개선,향과 사용감에 대한 만족도가 높음,민감성,131000
에스트라,에스트라 헤어 제품 373,생활용품,헤어,윤기 강화,재구매율이 높은 제품,민감성,129000
롱테이크,롱테이크 선케어 제품 374,베이비,선케어,민감피부 사용 가능,자극 없이 순하다는 평가가 많음,모든 피부,37000
마몽드,마몽드 헤어 제품 375,생활용품,헤어,손상 케어,자극 없이 순하다는 평가가 많음,지성,105000
오설록,오설록 페이스 제품 376,메이크업,페이스,자연스러운 커버,재구매율이 높은 제품,복합성,118000
설화수,설화수 스페셜 케어 제품 377,스킨 케어,스페셜 케어,탄력 개선,자극 없이 순하다는 평가가 많음,복합성,70000
한율,한율 선케어 제품 378,스킨 케어,선케어,자외선 차단,효과 체감이 빠르다는 리뷰 다수,민감성,144000
설화수,설화수 이너뷰티 제품 379,뷰티푸드,이너뷰티,피부 건강 개선,재구매율이 높은 제품,복합성,64000
에이피뷰티,에이피뷰티 헤어 제품 380,생활용품,헤어,윤기 강화,자극 없이 순하다는 평가가 많음,지성,8000
에이피뷰티,에이피뷰티 이너뷰티 제품 381,뷰티푸드,이너뷰티,항산화,가성비가 좋다는 의견이 많음,모든 피부,136000
라네즈,라네즈 쉐이빙 제품 382,남성,쉐이빙,데일리 사용,가성비가 좋다는 의견이 많음,건성,61000
프리메라,프리메라 네일 제품 383,메이크업,네일,빠른 건조,가성비가 좋다는 의견이 많음,모든 피부,45000
롱테이크,롱테이크 스킨/바디 케어 제품 384,베이비,스킨/바디 케어,저자극,재구매율이 높은 제품,건성,59000
에이피뷰티,에이피뷰티 헤어케어 제품 385,남성,헤어케어,저자극,가성비가 좋다는 의견이 많음,모든 피부,94000
에이피뷰티,에이피뷰티 클렌징 제품 386,스킨 케어,클렌징,보습 유지,자극 없이 순하다는 평가가 많음,모든 피부,11000
아이오페,아이오페 이너뷰티 제품 387,뷰티푸드,이너뷰티,항산화,가성비가 좋다는 의견이 많음,건성,138000
롱테이크,롱테이크 바디 제품 388,생활용품,바디,산뜻한 마무리,향과 사용감에 대한 만족도가 높음,모든 피부,90000
아이오페,아이오페 팩마스크 제품 389,남성,팩마스크,저자극,재구매율이 높은 제품,복합성,78000
에이피뷰티,에이피뷰티 바디 제품 390,생활용품,바디,산뜻한 마무리,가성비가 좋다는 의견이 많음,모든 피부,104000
마몽드,마몽드 네일 제품 391,메이크업,네일,선명한 컬러,향과 사용감에 대한 만족도가 높음,건성,96000
이니스프리,이니스프리 치크 제품 392,메이크업,치크,자연 발색,효과 체감이 빠르다는 리뷰 다수,모든 피부,114000
롱테이크,롱테이크 페이스 제품 393,메이크업,페이스,자연스러운 커버,효과 체감이 빠르다는 리뷰 다수,지성,118000
에스트라,에스트라 메이크업 제품 394,남성,메이크업,저자극,향과 사용감에 대한 만족도가 높음,건성,50000
에스트라,에스트라 립 제품 395,메이크업,립,선명한 발색,재구매율이 높은 제품,복합성,50000
마몽드,마몽드 클렌징 제품 396,스킨 케어,클렌징,보습 유지,자극 없이 순하다는 평가가 많음,모든 피부,101000
라네즈,라네즈 선케어 제품 397,베이비,선케어,백탁 없음,재구매율이 높은 제품,모든 피부,124000
에이피뷰티,에이피뷰티 선케어 제품 398,스킨 케어,선케어,민감피부 사용 가능,자극 없이 순하다는 평가가 많음,민감성,74000
오설록,오설록 바디 제품 399,생활용품,바디,산뜻한 마무리,가성비가 좋다는 의견이 많음,모든 피부,53000
아이오페,아이오페 선케어 제품 400,베이비,선케어,백탁 없음,가성비가 좋다는 의견이 많음,복합성,137000
아모레베이직,아모레베이직 클렌징 제품 401,스킨 케어,클렌징,저자극 세정,향과 사용감에 대한 만족도가 높음,모든 피부,86000
한율,한율 헤어 제품 402,생활용품,헤어,윤기 강화,가성비가 좋다는 의견이 많음,복합성,146000
롱테이크,롱테이크 아이 제품 403,메이크업,아이,롱래스팅,자극 없이 순하다는 평가가 많음,복합성,35000
헤라,헤라 모이스처라이징 제품 404,스킨 케어,모이스처라이징,수분 지속,자극 없이 순하다는 평가가 많음,모든 피부,14000
마몽드,마몽드 모이스처라이징 제품 405,스킨 케어,모이스처라이징,수분 지속,가성비가 좋다는 의견이 많음,복합성,20000
아이오페,아이오페 퍼퓸 제품 406,향수,퍼퓸,시그니처 향,재구매율이 높은 제품,건성,23000
아이오페,아이오페 이너뷰티 제품 407,뷰티푸드,이너뷰티,피부 건강 개선,효과 체감이 빠르다는 리뷰 다수,복합성,52000
에스트라,에스트라 선케어 제품 408,베이비,선케어,백탁 없음,향과 사용감에 대한 만족도가 높음,지성,101000
마몽드,마몽드 립 제품 409,메이크업,립,선명한 발색,자극 없이 순하다는 평가가 많음,민감성,123000
에스트라,에스트라 이너뷰티 제품 410,뷰티푸드,이너뷰티,항산화,향과 사용감에 대한 만족도가 높음,모든 피부,120000
에이피뷰티,에이피뷰티 네일 제품 411,메이크업,네일,선명한 컬러,향과 사용감에 대한 만족도가 높음,모든 피부,122000
바이탈뷰티,바이탈뷰티 이너뷰티 제품 412,뷰티푸드,이너뷰티,항산화,효과 체감이 빠르다는 리뷰 다수,건성,131000
라네즈,라네즈 립 제품 413,메이크업,립,선명한 발색,향과 사용감에 대한 만족도가 높음,지성,144000
에이피뷰티,에이피뷰티 이너뷰티 제품 414,뷰티푸드,이너뷰티,피부 건강 개선,재구매율이 높은 제품,복합성,28000
에스트라,에스트라 선케어 제품 415,스킨 케어,선케어,백탁 없음,가성비가 좋다는 의견이 많음,복합성,119000
오설록,오설록 썬/BB 크림 제품 416,남성,썬/BB 크림,저자극,향과 사용감에 대한 만족도가 높음,복합성,149000
에스트라,에스트라 페이스 제품 417,메이크업,페이스,자연스러운 커버,가성비가 좋다는 의견이 많음,모든 피부,51000
헤라,헤라 클렌져 제품 418,남성,클렌져,저자극,가성비가 좋다는 의견이 많음,지성,32000
라네즈,라네즈 이너뷰티 제품 419,뷰티푸드,이너뷰티,항산화,재구매율이 높은 제품,지성,125000
아이오페,아이오페 립 제품 420,메이크업,립,보습감,향과 사용감에 대한 만족도가 높음,건성,103000
아이오페,아이오페 스킨로션 제품 421,남성,스킨로션,데일리 사용,효과 체감이 빠르다는 리뷰 다수,모든 피부,18000
아모레베이직,아모레베이직 팩마스크 제품 422,남성,팩마스크,데일리 사용,자극 없이 순하다는 평가가 많음,민감성,139000
아이오페,아이오페 선케어 제품 423,베이비,선케어,민감피부 사용 가능,가성비가 좋다는 의견이 많음,모든 피부,75000
헤라,헤라 선케어 제품 424,베이비,선케어,백탁 없음,향과 사용감에 대한 만족도가 높음,민감성,11000
롱테이크,롱테이크 구강 제품 425,생활용품,구강,저자극,자극 없이 순하다는 평가가 많음,건성,100000
롱테이크,롱테이크 이너뷰티 제품 426,뷰티푸드,이너뷰티,피부 건강 개선,효과 체감이 빠르다는 리뷰 다수,민감성,48000
라네즈,라네즈 헤어 제품 427,생활용품,헤어,손상 케어,가성비가 좋다는 의견이 많음,모든 피부,46000
에이피뷰티,에이피뷰티 퍼퓸 제품 428,향수,퍼퓸,지속력 우수,자극 없이 순하다는 평가가 많음,민감성,87000
에이피뷰티,에이피뷰티 헤어 제품 429,생활용품,헤어,손상 케어,효과 체감이 빠르다는 리뷰 다수,민감성,125000
아모레베이직,아모레베이직 페이스 제품 430,메이크업,페이스,피부톤 보정,재구매율이 높은 제품,모든 피부,146000
아이오페,아이오페 구강 제품 431,생활용품,구강,구취 제거,재구매율이 높은 제품,복합성,132000
이니스프리,이니스프리 스킨/바디 케어 제품 432,베이비,스킨/바디 케어,데일리 사용,가성비가 좋다는 의견이 많음,건성,122000
에이피뷰티,에이피뷰티 선케어 제품 433,베이비,선케어,민감피부 사용 가능,효과 체감이 빠르다는 리뷰 다수,민감성,51000
바이탈뷰티,바이탈뷰티 스페셜 케어 제품 434,스킨 케어,스페셜 케어,미백 기능성,자극 없이 순하다는 평가가 많음,민감성,95000
한율,한율 치크 제품 435,메이크업,치크,자연 발색,가성비가 좋다는 의견이 많음,지성,63000
프리메라,프리메라 쉐이빙 제품 436,남성,쉐이빙,저자극,가성비가 좋다는 의견이 많음,건성,149000
에스트라,에스트라 퍼퓸 제품 437,향수,퍼퓸,시그니처 향,자극 없이 순하다는 평가가 많음,민감성,128000
아모레베이직,아모레베이직 스페셜 케어 제품 438,스킨 케어,스페셜 케어,탄력 개선,효과 체감이 빠르다는 리뷰 다수,건성,65000
마몽드,마몽드 헤어 제품 439,생활용품,헤어,윤기 강화,효과 체감이 빠르다는 리뷰 다수,민감성,142000
아이오페,아이오페 퍼퓸 제품 440,향수,퍼퓸,시그니처 향,재구매율이 높은 제품,건성,149000
롱테이크,롱테이크 클렌징 제품 441,스킨 케어,클렌징,보습 유지,가성비가 좋다는 의견이 많음,민감성,75000
아이오페,아이오페 클렌져 제품 442,남성,클렌져,데일리 사용,가성비가 좋다는 의견이 많음,모든 피부,126000
설화수,설화수 헤어 제품 443,생활용품,헤어,윤기 강화,향과 사용감에 대한 만족도가 높음,건성,130000
아모레베이직,아모레베이직 스킨/바디 케어 제품 444,베이비,스킨/바디 케어,저자극,효과 체감이 빠르다는 리뷰 다수,민감성,60000
오설록,오설록 립 제품 445,메이크업,립,보습감,가성비가 좋다는 의견이 많음,모든 피부,149000
바이탈뷰티,바이탈뷰티 바디케어 제품 446,남성,바디케어,저자극,효과 체감이 빠르다는 리뷰 다수,복합성,93000
아이오페,아이오페 스킨/바디 케어 제품 447,베이비,스킨/바디 케어,데일리 사용,효과 체감이 빠르다는 리뷰 다수,민감성,73000
에이피뷰티,에이피뷰티 선케어 제품 448,베이비,선케어,자외선 차단,효과 체감이 빠르다는 리뷰 다수,지성,127000
프리메라,프리메라 선케어 제품 449,베이비,선케어,백탁 없음,재구매율이 높은 제품,모든 피부,45000
한율,한율 퍼퓸 제품 450,향수,퍼퓸,시그니처 향,향과 사용감에 대한 만족도가 높음,민감성,12000
에스트라,에스트라 아이 제품 451,메이크업,아이,롱래스팅,재구매율이 높은 제품,민감성,137000
이니스프리,이니스프리 구강 제품 452,생활용품,구강,저자극,재구매율이 높은 제품,민감성,22000
오설록,오설록 이너뷰티 제품 453,뷰티푸드,이너뷰티,항산화,가성비가 좋다는 의견이 많음,모든 피부,29000
오설록,오설록 퍼퓸 제품 454,향수,퍼퓸,지속력 우수,향과 사용감에 대한 만족도가 높음,복합성,135000
라네즈,라네즈 페이스 제품 455,메이크업,페이스,자연스러운 커버,가성비가 좋다는 의견이 많음,모든 피부,59000
헤라,헤라 퍼퓸 제품 456,향수,퍼퓸,지속력 우수,재구매율이 높은 제품,민감성,89000
이니스프리,이니스프리 이너뷰티 제품 457,뷰티푸드,이너뷰티,피부 건강 개선,향과 사용감에 대한 만족도가 높음,복합성,88000
라네즈,라네즈 헤어케어 제품 458,남성,헤어케어,저자극,효과 체감이 빠르다는 리뷰 다수,복합성,120000
에스트라,에스트라 립 제품 459,메이크업,립,선명한 발색,자극 없이 순하다는 평가가 많음,모든 피부,91000
아모레베이직,아모레베이직 쉐이빙 제품 460,남성,쉐이빙,저자극,재구매율이 높은 제품,복합성,118000
마몽드,마몽드 선케어 제품 461,베이비,선케어,민감피부 사용 가능,향과 사용감에 대한 만족도가 높음,지성,134000
프리메라,프리메라 퍼퓸 제품 462,향수,퍼퓸,시그니처 향,향과 사용감에 대한 만족도가 높음,지성,111000
설화수,설화수 모이스처라이징 제품 463,스킨 케어,모이스처라이징,장벽 강화,자극 없이 순하다는 평가가 많음,건성,17000
프리메라,프리메라 립 제품 464,메이크업,립,보습감,효과 체감이 빠르다는 리뷰 다수,건성,20000
라네즈,라네즈 팩마스크 제품 465,남성,팩마스크,저자극,향과 사용감에 대한 만족도가 높음,복합성,16000
라네즈,라네즈 선케어 제품 466,베이비,선케어,자외선 차단,재구매율이 높은 제품,지성,36000
아이오페,아이오페 네일 제품 467,메이크업,네일,선명한 컬러,향과 사용감에 대한 만족도가 높음,건성,12000
바이탈뷰티,바이탈뷰티 페이스 제품 468,메이크업,페이스,자연스러운 커버,재구매율이 높은 제품,모든 피부,31000
헤라,헤라 퍼퓸 제품 469,향수,퍼퓸,시그니처 향,자극 없이 순하다는 평가가 많음,건성,103000
프리메라,프리메라 스킨/바디 케어 제품 470,베이비,스킨/바디 케어,데일리 사용,효과 체감이 빠르다는 리뷰 다수,건성,60000
헤라,헤라 구강 제품 471,생활용품,구강,구취 제거,향과 사용감에 대한 만족도가 높음,복합성,31000
아모레베이직,아모레베이직 이너뷰티 제품 472,뷰티푸드,이너뷰티,항산화,효과 체감이 빠르다는 리뷰 다수,모든 피부,38000
에이피뷰티,에이피뷰티 아이 제품 473,메이크업,아이,번짐 방지,자극 없이 순하다는 평가가 많음,민감성,142000
에이피뷰티,에이피뷰티 헤어 제품 474,생활용품,헤어,손상 케어,가성비가 좋다는 의견이 많음,지성,52000
아이오페,아이오페 스페셜 케어 제품 475,스킨 케어,스페셜 케어,미백 기능성,효과 체감이 빠르다는 리뷰 다수,모든 피부,109000
아이오페,아이오페 클렌징 제품 476,스킨 케어,클렌징,보습 유지,효과 체감이 빠르다는 리뷰 다수,모든 피부,141000
롱테이크,롱테이크 네일 제품 477,메이크업,네일,빠른 건조,가성비가 좋다는 의견이 많음,건성,20000
오설록,오설록 스킨/바디 케어 제품 478,베이비,스킨/바디 케어,데일리 사용,가성비가 좋다는 의견이 많음,지성,56000
라네즈,라네즈 스킨/바디 케어 제품 479,베이비,스킨/바디 케어,저자극,자극 없이 순하다는 평가가 많음,지성,66000
아이오페,아이오페 클렌징 제품 480,스킨 케어,클렌징,저자극 세정,향과 사용감에 대한 만족도가 높음,복합성,12000
바이탈뷰티,바이탈뷰티 메이크업 제품 481,남성,메이크업,저자극,재구매율이 높은 제품,복합성,120000
에이피뷰티,에이피뷰티 모이스처라이징 제품 482,스킨 케어,모이스처라이징,장벽 강화,자극 없이 순하다는 평가가 많음,복합성,53000
프리메라,프리메라 클렌징 제품 483,스킨 케어,클렌징,보습 유지,효과 체감이 빠르다는 리뷰 다수,지성,9000
마몽드,마몽드 선케어 제품 484,베이비,선케어,자외선 차단,향과 사용감에 대한 만족도가 높음,지성,40000
롱테이크,롱테이크 퍼퓸 제품 485,향수,퍼퓸,지속력 우수,자극 없이 순하다는 평가가 많음,건성,62000
에스트라,에스트라 스킨/바디 케어 제품 486,베이비,스킨/바디 케어,저자극,재구매율이 높은 제품,모든 피부,93000
프리메라,프리메라 스페셜 케어 제품 487,스킨 케어,스페셜 케어,미백 기능성,가성비가 좋다는 의견이 많음,모든 피부,82000
에이피뷰티,에이피뷰티 스페셜 케어 제품 488,스킨 케어,스페셜 케어,미백 기능성,향과 사용감에 대한 만족도가 높음,모든 피부,106000
에스트라,에스트라 헤어 제품 489,생활용품,헤어,윤기 강화,향과 사용감에 대한 만족도가 높음,지성,56000
마몽드,마몽드 썬/BB 크림 제품 490,남성,썬/BB 크림,저자극,재구매율이 높은 제품,모든 피부,92000
헤라,헤라 클렌징 제품 491,스킨 케어,클렌징,저자극 세정,효과 체감이 빠르다는 리뷰 다수,민감성,12000
에이피뷰티,에이피뷰티 이너뷰티 제품 492,뷰티푸드,이너뷰티,항산화,향과 사용감에 대한 만족도가 높음,복합성,40000
이니스프리,이니스프리 네일 제품 493,메이크업,네일,선명한 컬러,가성비가 좋다는 의견이 많음,모든 피부,128000
아모레베이직,아모레베이직 이너뷰티 제품 494,뷰티푸드,이너뷰티,항산화,재구매율이 높은 제품,민감성,87000
헤라,헤라 헤어케어 제품 495,남성,헤어케어,데일리 사용,재구매율이 높은 제품,민감성,34000
이니스프리,이니스프리 이너뷰티 제품 496,뷰티푸드,이너뷰티,피부 건강 개선,효과 체감이 빠르다는 리뷰 다수,민감성,57000
롱테이크,롱테이크 퍼퓸 제품 497,향수,퍼퓸,시그니처 향,재구매율이 높은 제품,건성,61000
에이피뷰티,에이피뷰티 쉐이빙 제품 498,남성,쉐이빙,저자극,재구매율이 높은 제품,복합성,87000
아이오페,아이오페 구강 제품 499,생활용품,구강,구취 제거,가성비가 좋다는 의견이 많음,지성,139000
설화수,설화수 스킨/바디 케어 제품 500,베이비,스킨/바디 케어,저자극,효과 체감이 빠르다는 리뷰 다수,지성,135000
바이탈뷰티,바이탈뷰티 퍼퓸 제품 501,향수,퍼퓸,시그니처 향,효과 체감이 빠르다는 리뷰 다수,복합성,18000
아이오페,아이오페 퍼퓸 제품 502,향수,퍼퓸,시그니처 향,자극 없이 순하다는 평가가 많음,복합성,86000
설화수,설화수 선케어 제품 503,스킨 케어,선케어,민감피부 사용 가능,재구매율이 높은 제품,복합성,102000
헤라,헤라 스킨/바디 케어 제품 504,베이비,스킨/바디 케어,데일리 사용,효과 체감이 빠르다는 리뷰 다수,민감성,130000
설화수,설화수 이너뷰티 제품 505,뷰티푸드,이너뷰티,항산화,효과 체감이 빠르다는 리뷰 다수,민감성,91000
롱테이크,롱테이크 이너뷰티 제품 506,뷰티푸드,이너뷰티,항산화,재구매율이 높은 제품,민감성,11000
마몽드,마몽드 팩마스크 제품 507,남성,팩마스크,데일리 사용,자극 없이 순하다는 평가가 많음,지성,8000
오설록,오설록 선케어 제품 508,스킨 케어,선케어,민감피부 사용 가능,재구매율이 높은 제품,모든 피부,72000
설화수,설화수 선케어 제품 509,베이비,선케어,민감피부 사용 가능,효과 체감이 빠르다는 리뷰 다수,모든 피부,130000
롱테이크,롱테이크 퍼퓸 제품 510,향수,퍼퓸,시그니처 향,자극 없이 순하다는 평가가 많음,건성,145000
마몽드,마몽드 헤어케어 제품 511,남성,헤어케어,저자극,효과 체감이 빠르다는 리뷰 다수,모든 피부,119000
마몽드,마몽드 립 제품 512,메이크업,립,선명한 발색,재구매율이 높은 제품,지성,40000
롱테이크,롱테이크 헤어 제품 513,생활용품,헤어,윤기 강화,효과 체감이 빠르다는 리뷰 다수,건성,130000
마몽드,마몽드 구강 제품 514,생활용품,구강,저자극,자극 없이 순하다는 평가가 많음,민감성,131000
설화수,설화수 모이스처라이징 제품 515,스킨 케어,모이스처라이징,장벽 강화,재구매율이 높은 제품,복합성,75000
바이탈뷰티,바이탈뷰티 바디 제품 516,생활용품,바디,산뜻한 마무리,재구매율이 높은 제품,민감성,112000
에이피뷰티,에이피뷰티 퍼퓸 제품 517,향수,퍼퓸,시그니처 향,향과 사용감에 대한 만족도가 높음,모든 피부,9000
오설록,오설록 구강 제품 518,생활용품,구강,저자극,재구매율이 높은 제품,민감성,45000
이니스프리,이니스프리 이너뷰티 제품 519,뷰티푸드,이너뷰티,항산화,향과 사용감에 대한 만족도가 높음,모든 피부,105000
설화수,설화수 클렌징 제품 520,스킨 케어,클렌징,미세먼지 제거,효과 체감이 빠르다는 리뷰 다수,복합성,144000
헤라,헤라 모이스처라이징 제품 521,스킨 케어,모이스처라이징,장벽 강화,재구매율이 높은 제품,복합성,53000
헤라,헤라 퍼퓸 제품 522,향수,퍼퓸,시그니처 향,자극 없이 순하다는 평가가 많음,모든 피부,149000
롱테이크,롱테이크 이너뷰티 제품 523,뷰티푸드,이너뷰티,항산화,향과 사용감에 대한 만족도가 높음,모든 피부,122000
프리메라,프리메라 이너뷰티 제품 524,뷰티푸드,이너뷰티,항산화,향과 사용감에 대한 만족도가 높음,지성,91000
한율,한율 구강 제품 525,생활용품,구강,구취 제거,향과 사용감에 대한 만족도가 높음,모든 피부,20000
마몽드,마몽드 스킨로션 제품 526,남성,스킨로션,저자극,재구매율이 높은 제품,모든 피부,109000
에스트라,에스트라 헤어 제품 527,생활용품,헤어,윤기 강화,자극 없이 순하다는 평가가 많음,모든 피부,9000
라네즈,라네즈 이너뷰티 제품 528,뷰티푸드,이너뷰티,항산화,향과 사용감에 대한 만족도가 높음,지성,120000
바이탈뷰티,바이탈뷰티 네일 제품 529,메이크업,네일,빠른 건조,자극 없이 순하다는 평가가 많음,모든 피부,100000
아모레베이직,아모레베이직 퍼퓸 제품 530,향수,퍼퓸,시그니처 향,효과 체감이 빠르다는 리뷰 다수,복합성,15000
아모레베이직,아모레베이직 클렌징 제품 531,스킨 케어,클렌징,보습 유지,자극 없이 순하다는 평가가 많음,민감성,50000
한율,한율 네일 제품 532,메이크업,네일,빠른 건조,가성비가 좋다는 의견이 많음,복합성,137000
라네즈,라네즈 구강 제품 533,생활용품,구강,구취 제거,자극 없이 순하다는 평가가 많음,지성,127000
아모레베이직,아모레베이직 퍼퓸 제품 534,향수,퍼퓸,시그니처 향,효과 체감이 빠르다는 리뷰 다수,복합성,128000
오설록,오설록 헤어 제품 535,생활용품,헤어,손상 케어,효과 체감이 빠르다는 리뷰 다수,민감성,93000
프리메라,프리메라 선케어 제품 536,베이비,선케어,민감피부 사용 가능,재구매율이 높은 제품,민감성,49000
한율,한율 이너뷰티 제품 537,뷰티푸드,이너뷰티,피부 건강 개선,향과 사용감에 대한 만족도가 높음,복합성,109000
오설록,오설록 이너뷰티 제품 538,뷰티푸드,이너뷰티,피부 건강 개선,가성비가 좋다는 의견이 많음,건성,16000
마몽드,마몽드 바디 제품 539,생활용품,바디,산뜻한 마무리,가성비가 좋다는 의견이 많음,복합성,102000
한율,한율 치크 제품 540,메이크업,치크,생기 부여,가성비가 좋다는 의견이 많음,건성,129000
이니스프리,이니스프리 바디 제품 541,생활용품,바디,보습 강화,재구매율이 높은 제품,민감성,18000
아이오페,아이오페 선케어 제품 542,베이비,선케어,자외선 차단,가성비가 좋다는 의견이 많음,모든 피부,130000
마몽드,마몽드 스킨/바디 케어 제품 543,베이비,스킨/바디 케어,저자극,향과 사용감에 대한 만족도가 높음,지성,111000
헤라,헤라 네일 제품 544,메이크업,네일,선명한 컬러,향과 사용감에 대한 만족도가 높음,민감성,28000
아모레베이직,아모레베이직 퍼퓸 제품 545,향수,퍼퓸,지속력 우수,재구매율이 높은 제품,건성,86000
아모레베이직,아모레베이직 아이 제품 546,메이크업,아이,롱래스팅,향과 사용감에 대한 만족도가 높음,모든 피부,91000
바이탈뷰티,바이탈뷰티 바디케어 제품 547,남성,바디케어,저자극,재구매율이 높은 제품,지성,88000
아이오페,아이오페 이너뷰티 제품 548,뷰티푸드,이너뷰티,피부 건강 개선,향과 사용감에 대한 만족도가 높음,지성,38000
헤라,헤라 클렌징 제품 549,스킨 케어,클렌징,보습 유지,재구매율이 높은 제품,민감성,65000
헤라,헤라 모이스처라이징 제품 550,스킨 케어,모이스처라이징,수분 지속,재구매율이 높은 제품,민감성,128000
마몽드,마몽드 이너뷰티 제품 551,뷰티푸드,이너뷰티,피부 건강 개선,자극 없이 순하다는 평가가 많음,지성,149000
라네즈,라네즈 헤어 제품 552,생활용품,헤어,손상 케어,가성비가 좋다는 의견이 많음,지성,59000
이니스프리,이니스프리 퍼퓸 제품 553,향수,퍼퓸,지속력 우수,향과 사용감에 대한 만족도가 높음,모든 피부,97000
한율,한율 퍼퓸 제품 554,향수,퍼퓸,지속력 우수,가성비가 좋다는 의견이 많음,모든 피부,142000
헤라,헤라 구강 제품 555,생활용품,구강,저자극,가성비가 좋다는 의견이 많음,지성,21000
바이탈뷰티,바이탈뷰티 썬/BB 크림 제품 556,남성,썬/BB 크림,데일리 사용,향과 사용감에 대한 만족도가 높음,모든 피부,68000
프리메라,프리메라 이너뷰티 제품 557,뷰티푸드,이너뷰티,피부 건강 개선,자극 없이 순하다는 평가가 많음,지성,74000
마몽드,마몽드 이너뷰티 제품 558,뷰티푸드,이너뷰티,항산화,자극 없이 순하다는 평가가 많음,민감성,118000
마몽드,마몽드 선케어 제품 559,베이비,선케어,자외선 차단,가성비가 좋다는 의견이 많음,민감성,41000
한율,한율 퍼퓸 제품 560,향수,퍼퓸,지속력 우수,재구매율이 높은 제품,민감성,135000
헤라,헤라 헤어 제품 561,생활용품,헤어,윤기 강화,자극 없이 순하다는 평가가 많음,민감성,64000
한율,한율 스킨로션 제품 562,남성,스킨로션,저자극,가성비가 좋다는 의견이 많음,모든 피부,74000
설화수,설화수 헤어 제품 563,생활용품,헤어,윤기 강화,효과 체감이 빠르다는 리뷰 다수,건성,9000
라네즈,라네즈 스킨/바디 케어 제품 564,베이비,스킨/바디 케어,저자극,가성비가 좋다는 의견이 많음,복합성,9000
한율,한율 클렌져 제품 565,남성,클렌져,저자극,효과 체감이 빠르다는 리뷰 다수,민감성,56000
오설록,오설록 스킨/바디 케어 제품 566,베이비,스킨/바디 케어,데일리 사용,가성비가 좋다는 의견이 많음,지성,139000
아모레베이직,아모레베이직 클렌징 제품 567,스킨 케어,클렌징,저자극 세정,자극 없이 순하다는 평가가 많음,민감성,44000
프리메라,프리메라 아이 제품 568,메이크업,아이,번짐 방지,재구매율이 높은 제품,건성,10000
라네즈,라네즈 립 제품 569,메이크업,립,보습감,향과 사용감에 대한 만족도가 높음,모든 피부,90000
바이탈뷰티,바이탈뷰티 바디 제품 570,생활용품,바디,보습 강화,효과 체감이 빠르다는 리뷰 다수,지성,147000
에이피뷰티,에이피뷰티 페이스 제품 571,메이크업,페이스,피부톤 보정,자극 없이 순하다는 평가가 많음,건성,66000
바이탈뷰티,바이탈뷰티 바디 제품 572,생활용품,바디,산뜻한 마무리,효과 체감이 빠르다는 리뷰 다수,복합성,112000
프리메라,프리메라 이너뷰티 제품 573,뷰티푸드,이너뷰티,항산화,향과 사용감에 대한 만족도가 높음,건성,68000
에이피뷰티,에이피뷰티 선케어 제품 574,베이비,선케어,자외선 차단,재구매율이 높은 제품,지성,76000
에이피뷰티,에이피뷰티 에센스크림 제품 575,남성,에센스크림,데일리 사용,가성비가 좋다는 의견이 많음,민감성,17000
에이피뷰티,에이피뷰티 아이 제품 576,메이크업,아이,롱래스팅,향과 사용감에 대한 만족도가 높음,지성,92000
설화수,설화수 이너뷰티 제품 577,뷰티푸드,이너뷰티,항산화,자극 없이 순하다는 평가가 많음,복합성,142000
라네즈,라네즈 모이스처라이징 제품 578,스킨 케어,모이스처라이징,고보습,자극 없이 순하다는 평가가 많음,민감성,77000
이니스프리,이니스프리 에센스크림 제품 579,남성,에센스크림,저자극,재구매율이 높은 제품,복합성,82000
헤라,헤라 스킨/바디 케어 제품 580,베이비,스킨/바디 케어,저자극,자극 없이 순하다는 평가가 많음,민감성,76000
아모레베이직,아모레베이직 페이스 제품 581,메이크업,페이스,자연스러운 커버,자극 없이 순하다는 평가가 많음,모든 피부,100000
아이오페,아이오페 스킨/바디 케어 제품 582,베이비,스킨/바디 케어,데일리 사용,자극 없이 순하다는 평가가 많음,모든 피부,51000
에스트라,에스트라 에센스크림 제품 583,남성,에센스크림,데일리 사용,가성비가 좋다는 의견이 많음,복합성,48000
설화수,설화수 퍼퓸 제품 584,향수,퍼퓸,지속력 우수,가성비가 좋다는 의견이 많음,복합성,136000
설화수,설화수 선케어 제품 585,스킨 케어,선케어,민감피부 사용 가능,재구매율이 높은 제품,건성,134000
마몽드,마몽드 헤어 제품 586,생활용품,헤어,손상 케어,효과 체감이 빠르다는 리뷰 다수,모든 피부,146000
마몽드,마몽드 바디 제품 587,생활용품,바디,산뜻한 마무리,향과 사용감에 대한 만족도가 높음,모든 피부,61000
헤라,헤라 바디 제품 588,생활용품,바디,산뜻한 마무리,효과 체감이 빠르다는 리뷰 다수,지성,89000
아모레베이직,아모레베이직 이너뷰티 제품 589,뷰티푸드,이너뷰티,항산화,자극 없이 순하다는 평가가 많음,건성,11000
헤라,헤라 헤어 제품 590,생활용품,헤어,윤기 강화,향과 사용감에 대한 만족도가 높음,복합성,10000
아모레베이직,아모레베이직 선케어 제품 591,스킨 케어,선케어,백탁 없음,가성비가 좋다는 의견이 많음,건성,116000
오설록,오설록 이너뷰티 제품 592,뷰티푸드,이너뷰티,항산화,가성비가 좋다는 의견이 많음,민감성,139000
오설록,오설록 스킨로션 제품 593,남성,스킨로션,저자극,재구매율이 높은 제품,민감성,104000
프리메라,프리메라 퍼퓸 제품 594,향수,퍼퓸,시그니처 향,자극 없이 순하다는 평가가 많음,지성,50000
아모레베이직,아모레베이직 퍼퓸 제품 595,향수,퍼퓸,지속력 우수,자극 없이 순하다는 평가가 많음,모든 피부,109000
마몽드,마몽드 모이스처라이징 제품 596,스킨 케어,모이스처라이징,장벽 강화,향과 사용감에 대한 만족도가 높음,지성,24000
에이피뷰티,에이피뷰티 페이스 제품 597,메이크업,페이스,자연스러운 커버,자극 없이 순하다는 평가가 많음,복합성,132000
설화수,설화수 퍼퓸 제품 598,향수,퍼퓸,지속력 우수,자극 없이 순하다는 평가가 많음,건성,60000
한율,한율 선케어 제품 599,베이비,선케어,백탁 없음,향과 사용감에 대한 만족도가 높음,지성,138000
오설록,오설록 스페셜 케어 제품 600,스킨 케어,스페셜 케어,미백 기능성,향과 사용감에 대한 만족도가 높음,지성,32000
이니스프리,이니스프리 스킨/바디 케어 제품 601,베이비,스킨/바디 케어,저자극,자극 없이 순하다는 평가가 많음,복합성,76000
에스트라,에스트라 선케어 제품 602,베이비,선케어,백탁 없음,효과 체감이 빠르다는 리뷰 다수,건성,99000
헤라,헤라 헤어케어 제품 603,남성,헤어케어,데일리 사용,효과 체감이 빠르다는 리뷰 다수,지성,117000
아모레베이직,아모레베이직 모이스처라이징 제품 604,스킨 케어,모이스처라이징,장벽 강화,효과 체감이 빠르다는 리뷰 다수,지성,98000
마몽드,마몽드 스페셜 케어 제품 605,스킨 케어,스페셜 케어,탄력 개선,향과 사용감에 대한 만족도가 높음,건성,69000
바이탈뷰티,바이탈뷰티 선케어 제품 606,베이비,선케어,민감피부 사용 가능,재구매율이 높은 제품,지성,102000
에이피뷰티,에이피뷰티 이너뷰티 제품 607,뷰티푸드,이너뷰티,피부 건강 개선,가성비가 좋다는 의견이 많음,모든 피부,17000
마몽드,마몽드 선케어 제품 608,베이비,선케어,민감피부 사용 가능,향과 사용감에 대한 만족도가 높음,민감성,80000
롱테이크,롱테이크 선케어 제품 609,베이비,선케어,백탁 없음,자극 없이 순하다는 평가가 많음,복합성,132000
에스트라,에스트라 네일 제품 610,메이크업,네일,선명한 컬러,자극 없이 순하다는 평가가 많음,복합성,28000
헤라,헤라 이너뷰티 제품 611,뷰티푸드,이너뷰티,피부 건강 개선,향과 사용감에 대한 만족도가 높음,민감성,58000
프리메라,프리메라 쉐이빙 제품 612,남성,쉐이빙,데일리 사용,자극 없이 순하다는 평가가 많음,복합성,138000
바이탈뷰티,바이탈뷰티 바디 제품 613,생활용품,바디,보습 강화,가성비가 좋다는 의견이 많음,건성,41000
롱테이크,롱테이크 메이크업 제품 614,남성,메이크업,데일리 사용,향과 사용감에 대한 만족도가 높음,민감성,85000
아모레베이직,아모레베이직 네일 제품 615,메이크업,네일,빠른 건조,향과 사용감에 대한 만족도가 높음,민감성,44000
이니스프리,이니스프리 퍼퓸 제품 616,향수,퍼퓸,지속력 우수,향과 사용감에 대한 만족도가 높음,지성,119000
바이탈뷰티,바이탈뷰티 팩마스크 제품 617,남성,팩마스크,저자극,효과 체감이 빠르다는 리뷰 다수,건성,35000
헤라,헤라 스킨/바디 케어 제품 618,베이비,스킨/바디 케어,저자극,자극 없이 순하다는 평가가 많음,민감성,13000
에이피뷰티,에이피뷰티 구강 제품 619,생활용품,구강,구취 제거,가성비가 좋다는 의견이 많음,지성,86000
아모레베이직,아모레베이직 퍼퓸 제품 620,향수,퍼퓸,시그니처 향,효과 체감이 빠르다는 리뷰 다수,모든 피부,10000
프리메라,프리메라 선케어 제품 621,스킨 케어,선케어,자외선 차단,향과 사용감에 대한 만족도가 높음,복합성,71000
에스트라,에스트라 구강 제품 622,생활용품,구강,구취 제거,자극 없이 순하다는 평가가 많음,건성,98000
롱테이크,롱테이크 퍼퓸 제품 623,향수,퍼퓸,지속력 우수,재구매율이 높은 제품,건성,78000
설화수,설화수 헤어 제품 624,생활용품,헤어,손상 케어,재구매율이 높은 제품,지성,120000
헤라,헤라 퍼퓸 제품 625,향수,퍼퓸,지속력 우수,재구매율이 높은 제품,복합성,87000
프리메라,프리메라 바디 제품 626,생활용품,바디,산뜻한 마무리,자극 없이 순하다는 평가가 많음,지성,52000
한율,한율 이너뷰티 제품 627,뷰티푸드,이너뷰티,피부 건강 개선,효과 체감이 빠르다는 리뷰 다수,건성,41000
아모레베이직,아모레베이직 네일 제품 628,메이크업,네일,선명한 컬러,효과 체감이 빠르다는 리뷰 다수,모든 피부,35000
에이피뷰티,에이피뷰티 바디케어 제품 629,남성,바디케어,저자극,자극 없이 순하다는 평가가 많음,건성,142000
에스트라,에스트라 치크 제품 630,메이크업,치크,자연 발색,자극 없이 순하다는 평가가 많음,지성,149000
헤라,헤라 퍼퓸 제품 631,향수,퍼퓸,시그니처 향,효과 체감이 빠르다는 리뷰 다수,지성,52000
헤라,헤라 퍼퓸 제품 632,향수,퍼퓸,지속력 우수,효과 체감이 빠르다는 리뷰 다수,모든 피부,77000
헤라,헤라 스페셜 케어 제품 633,스킨 케어,스페셜 케어,집중 케어,재구매율이 높은 제품,복합성,107000
라네즈,라네즈 이너뷰티 제품 634,뷰티푸드,이너뷰티,항산화,가성비가 좋다는 의견이 많음,모든 피부,84000
롱테이크,롱테이크 팩마스크 제품 635,남성,팩마스크,저자극,자극 없이 순하다는 평가가 많음,복합성,70000
이니스프리,이니스프리 바디 제품 636,생활용품,바디,산뜻한 마무리,가성비가 좋다는 의견이 많음,지성,96000
마몽드,마몽드 선케어 제품 637,베이비,선케어,자외선 차단,향과 사용감에 대한 만족도가 높음,모든 피부,131000
설화수,설화수 모이스처라이징 제품 638,스킨 케어,모이스처라이징,수분 지속,재구매율이 높은 제품,모든 피부,27000
에이피뷰티,에이피뷰티 바디케어 제품 639,남성,바디케어,저자극,효과 체감이 빠르다는 리뷰 다수,모든 피부,95000
헤라,헤라 스킨/바디 케어 제품 640,베이비,스킨/바디 케어,데일리 사용,재구매율이 높은 제품,건성,73000
한율,한율 헤어 제품 641,생활용품,헤어,윤기 강화,향과 사용감에 대한 만족도가 높음,복합성,70000
아모레베이직,아모레베이직 스킨/바디 케어 제품 642,베이비,스킨/바디 케어,데일리 사용,자극 없이 순하다는 평가가 많음,모든 피부,37000
오설록,오설록 클렌징 제품 643,스킨 케어,클렌징,보습 유지,재구매율이 높은 제품,복합성,142000
아이오페,아이오페 클렌져 제품 644,남성,클렌져,데일리 사용,가성비가 좋다는 의견이 많음,지성,17000
아이오페,아이오페 퍼퓸 제품 645,향수,퍼퓸,시그니처 향,가성비가 좋다는 의견이 많음,모든 피부,111000
아이오페,아이오페 스킨/바디 케어 제품 646,베이비,스킨/바디 케어,저자극,가성비가 좋다는 의견이 많음,지성,145000
바이탈뷰티,바이탈뷰티 페이스 제품 647,메이크업,페이스,피부톤 보정,효과 체감이 빠르다는 리뷰 다수,모든 피부,100000
에이피뷰티,에이피뷰티 퍼퓸 제품 648,향수,퍼퓸,시그니처 향,재구매율이 높은 제품,모든 피부,81000
마몽드,마몽드 선케어 제품 649,베이비,선케어,민감피부 사용 가능,자극 없이 순하다는 평가가 많음,민감성,108000
롱테이크,롱테이크 바디 제품 650,생활용품,바디,보습 강화,재구매율이 높은 제품,민감성,129000
롱테이크,롱테이크 이너뷰티 제품 651,뷰티푸드,이너뷰티,항산화,가성비가 좋다는 의견이 많음,복합성,28000
바이탈뷰티,바이탈뷰티 스킨/바디 케어 제품 652,베이비,스킨/바디 케어,저자극,자극 없이 순하다는 평가가 많음,지성,94000
에스트라,에스트라 스킨/바디 케어 제품 653,베이비,스킨/바디 케어,저자극,재구매율이 높은 제품,민감성,135000
마몽드,마몽드 퍼퓸 제품 654,향수,퍼퓸,시그니처 향,가성비가 좋다는 의견이 많음,지성,24000
라네즈,라네즈 썬/BB 크림 제품 655,남성,썬/BB 크림,데일리 사용,가성비가 좋다는 의견이 많음,지성,148000
아모레베이직,아모레베이직 이너뷰티 제품 656,뷰티푸드,이너뷰티,피부 건강 개선,가성비가 좋다는 의견이 많음,건성,89000
에스트라,에스트라 퍼퓸 제품 657,향수,퍼퓸,지속력 우수,효과 체감이 빠르다는 리뷰 다수,민감성,48000
오설록,오설록 선케어 제품 658,스킨 케어,선케어,백탁 없음,자극 없이 순하다는 평가가 많음,건성,149000
이니스프리,이니스프리 이너뷰티 제품 659,뷰티푸드,이너뷰티,피부 건강 개선,향과 사용감에 대한 만족도가 높음,지성,25000
아모레베이직,아모레베이직 스페셜 케어 제품 660,스킨 케어,스페셜 케어,집중 케어,향과 사용감에 대한 만족도가 높음,민감성,104000
롱테이크,롱테이크 네일 제품 661,메이크업,네일,빠른 건조,재구매율이 높은 제품,모든 피부,109000
이니스프리,이니스프리 헤어 제품 662,생활용품,헤어,손상 케어,가성비가 좋다는 의견이 많음,모든 피부,110000
라네즈,라네즈 스킨/바디 케어 제품 663,베이비,스킨/바디 케어,데일리 사용,효과 체감이 빠르다는 리뷰 다수,민감성,59000
바이탈뷰티,바이탈뷰티 구강 제품 664,생활용품,구강,구취 제거,향과 사용감에 대한 만족도가 높음,복합성,67000
아모레베이직,아모레베이직 퍼퓸 제품 665,향수,퍼퓸,지속력 우수,가성비가 좋다는 의견이 많음,모든 피부,148000
롱테이크,롱테이크 스킨/바디 케어 제품 666,베이비,스킨/바디 케어,저자극,향과 사용감에 대한 만족도가 높음,복합성,102000
에스트라,에스트라 치크 제품 667,메이크업,치크,자연 발색,자극 없이 순하다는 평가가 많음,복합성,56000
아이오페,아이오페 헤어 제품 668,생활용품,헤어,윤기 강화,재구매율이 높은 제품,모든 피부,130000
롱테이크,롱테이크 이너뷰티 제품 669,뷰티푸드,이너뷰티,항산화,향과 사용감에 대한 만족도가 높음,복합성,84000
마몽드,마몽드 이너뷰티 제품 670,뷰티푸드,이너뷰티,항산화,향과 사용감에 대한 만족도가 높음,민감성,68000
이니스프리,이니스프리 이너뷰티 제품 671,뷰티푸드,이너뷰티,피부 건강 개선,재구매율이 높은 제품,지성,99000
아모레베이직,아모레베이직 스킨로션 제품 672,남성,스킨로션,저자극,자극 없이 순하다는 평가가 많음,복합성,140000
마몽드,마몽드 네일 제품 673,메이크업,네일,선명한 컬러,효과 체감이 빠르다는 리뷰 다수,민감성,53000
마몽드,마몽드 스킨/바디 케어 제품 674,베이비,스킨/바디 케어,저자극,가성비가 좋다는 의견이 많음,복합성,35000
프리메라,프리메라 아이 제품 675,메이크업,아이,롱래스팅,가성비가 좋다는 의견이 많음,지성,8000
프리메라,프리메라 선케어 제품 676,베이비,선케어,자외선 차단,가성비가 좋다는 의견이 많음,복합성,132000
롱테이크,롱테이크 스킨/바디 케어 제품 677,베이비,스킨/바디 케어,저자극,가성비가 좋다는 의견이 많음,지성,110000
바이탈뷰티,바이탈뷰티 바디 제품 678,생활용품,바디,보습 강화,가성비가 좋다는 의견이 많음,지성,135000
한율,한율 쉐이빙 제품 679,남성,쉐이빙,저자극,재구매율이 높은 제품,복합성,125000
에이피뷰티,에이피뷰티 이너뷰티 제품 680,뷰티푸드,이너뷰티,피부 건강 개선,재구매율이 높은 제품,모든 피부,75000
에이피뷰티,에이피뷰티 치크 제품 681,메이크업,치크,자연 발색,향과 사용감에 대한 만족도가 높음,복합성,118000
설화수,설화수 퍼퓸 제품 682,향수,퍼퓸,시그니처 향,재구매율이 높은 제품,민감성,104000
한율,한율 선케어 제품 683,베이비,선케어,백탁 없음,효과 체감이 빠르다는 리뷰 다수,지성,17000
에스트라,에스트라 이너뷰티 제품 684,뷰티푸드,이너뷰티,항산화,효과 체감이 빠르다는 리뷰 다수,모든 피부,105000
바이탈뷰티,바이탈뷰티 모이스처라이징 제품 685,스킨 케어,모이스처라이징,수분 지속,향과 사용감에 대한 만족도가 높음,민감성,145000
이니스프리,이니스프리 퍼퓸 제품 686,향수,퍼퓸,시그니처 향,향과 사용감에 대한 만족도가 높음,모든 피부,93000
아모레베이직,아모레베이직 퍼퓸 제품 687,향수,퍼퓸,지속력 우수,효과 체감이 빠르다는 리뷰 다수,지성,39000
라네즈,라네즈 선케어 제품 688,스킨 케어,선케어,백탁 없음,재구매율이 높은 제품,복합성,103000
롱테이크,롱테이크 썬/BB 크림 제품 689,남성,썬/BB 크림,저자극,향과 사용감에 대한 만족도가 높음,건성,62000
마몽드,마몽드 선케어 제품 690,스킨 케어,선케어,백탁 없음,자극 없이 순하다는 평가가 많음,건성,135000
마몽드,마몽드 이너뷰티 제품 691,뷰티푸드,이너뷰티,항산화,효과 체감이 빠르다는 리뷰 다수,모든 피부,23000
설화수,설화수 썬/BB 크림 제품 692,남성,썬/BB 크림,저자극,재구매율이 높은 제품,모든 피부,85000
에스트라,에스트라 선케어 제품 693,베이비,선케어,민감피부 사용 가능,자극 없이 순하다는 평가가 많음,민감성,45000
프리메라,프리메라 퍼퓸 제품 694,향수,퍼퓸,지속력 우수,효과 체감이 빠르다는 리뷰 다수,지성,123000
프리메라,프리메라 썬/BB 크림 제품 695,남성,썬/BB 크림,데일리 사용,자극 없이 순하다는 평가가 많음,모든 피부,12000
한율,한율 모이스처라이징 제품 696,스킨 케어,모이스처라이징,장벽 강화,향과 사용감에 대한 만족도가 높음,민감성,68000
이니스프리,이니스프리 선케어 제품 697,베이비,선케어,민감피부 사용 가능,가성비가 좋다는 의견이 많음,민감성,88000
설화수,설화수 헤어 제품 698,생활용품,헤어,윤기 강화,자극 없이 순하다는 평가가 많음,모든 피부,134000
아이오페,아이오페 치크 제품 699,메이크업,치크,자연 발색,향과 사용감에 대한 만족도가 높음,건성,53000
이니스프리,이니스프리 퍼퓸 제품 700,향수,퍼퓸,지속력 우수,향과 사용감에 대한 만족도가 높음,모든 피부,52000
설화수,설화수 퍼퓸 제품 701,향수,퍼퓸,시그니처 향,재구매율이 높은 제품,민감성,29000
이니스프리,이니스프리 선케어 제품 702,베이비,선케어,민감피부 사용 가능,자극 없이 순하다는 평가가 많음,복합성,89000
헤라,헤라 치크 제품 703,메이크업,치크,생기 부여,향과 사용감에 대한 만족도가 높음,지성,123000
설화수,설화수 퍼퓸 제품 704,향수,퍼퓸,시그니처 향,효과 체감이 빠르다는 리뷰 다수,복합성,11000
에이피뷰티,에이피뷰티 메이크업 제품 705,남성,메이크업,저자극,가성비가 좋다는 의견이 많음,건성,21000
라네즈,라네즈 퍼퓸 제품 706,향수,퍼퓸,시그니처 향,향과 사용감에 대한 만족도가 높음,지성,121000
아이오페,아이오페 스킨/바디 케어 제품 707,베이비,스킨/바디 케어,데일리 사용,재구매율이 높은 제품,지성,10000
에이피뷰티,에이피뷰티 스페셜 케어 제품 708,스킨 케어,스페셜 케어,탄력 개선,효과 체감이 빠르다는 리뷰 다수,지성,74000
라네즈,라네즈 퍼퓸 제품 709,향수,퍼퓸,지속력 우수,가성비가 좋다는 의견이 많음,복합성,39000
마몽드,마몽드 헤어 제품 710,생활용품,헤어,윤기 강화,가성비가 좋다는 의견이 많음,민감성,98000
롱테이크,롱테이크 페이스 제품 711,메이크업,페이스,자연스러운 커버,재구매율이 높은 제품,모든 피부,62000
한율,한율 스킨로션 제품 712,남성,스킨로션,저자극,가성비가 좋다는 의견이 많음,모든 피부,11000
이니스프리,이니스프리 구강 제품 713,생활용품,구강,구취 제거,재구매율이 높은 제품,모든 피부,51000
에이피뷰티,에이피뷰티 립 제품 714,메이크업,립,선명한 발색,효과 체감이 빠르다는 리뷰 다수,지성,123000
설화수,설화수 스킨/바디 케어 제품 715,베이비,스킨/바디 케어,저자극,향과 사용감에 대한 만족도가 높음,민감성,65000
에스트라,에스트라 스킨/바디 케어 제품 716,베이비,스킨/바디 케어,저자극,자극 없이 순하다는 평가가 많음,복합성,34000
프리메라,프리메라 립 제품 717,메이크업,립,선명한 발색,효과 체감이 빠르다는 리뷰 다수,모든 피부,13000
프리메라,프리메라 퍼퓸 제품 718,향수,퍼퓸,시그니처 향,향과 사용감에 대한 만족도가 높음,복합성,74000
헤라,헤라 스킨/바디 케어 제품 719,베이비,스킨/바디 케어,저자극,자극 없이 순하다는 평가가 많음,민감성,82000
오설록,오설록 아이 제품 720,메이크업,아이,롱래스팅,자극 없이 순하다는 평가가 많음,건성,95000
아이오페,아이오페 선케어 제품 721,베이비,선케어,자외선 차단,효과 체감이 빠르다는 리뷰 다수,복합성,111000
프리메라,프리메라 퍼퓸 제품 722,향수,퍼퓸,지속력 우수,가성비가 좋다는 의견이 많음,지성,60000
아모레베이직,아모레베이직 립 제품 723,메이크업,립,선명한 발색,가성비가 좋다는 의견이 많음,복합성,135000
한율,한율 아이 제품 724,메이크업,아이,번짐 방지,자극 없이 순하다는 평가가 많음,지성,42000
롱테이크,롱테이크 이너뷰티 제품 725,뷰티푸드,이너뷰티,피부 건강 개선,재구매율이 높은 제품,건성,40000
마몽드,마몽드 팩마스크 제품 726,남성,팩마스크,데일리 사용,가성비가 좋다는 의견이 많음,건성,16000
헤라,헤라 퍼퓸 제품 727,향수,퍼퓸,지속력 우수,재구매율이 높은 제품,지성,26000
에스트라,에스트라 선케어 제품 728,스킨 케어,선케어,민감피부 사용 가능,재구매율이 높은 제품,지성,67000
아이오페,아이오페 스페셜 케어 제품 729,스킨 케어,스페셜 케어,집중 케어,자극 없이 순하다는 평가가 많음,지성,114000
아모레베이직,아모레베이직 스킨/바디 케어 제품 730,베이비,스킨/바디 케어,저자극,효과 체감이 빠르다는 리뷰 다수,민감성,48000
마몽드,마몽드 퍼퓸 제품 731,향수,퍼퓸,지속력 우수,효과 체감이 빠르다는 리뷰 다수,모든 피부,66000
헤라,헤라 헤어케어 제품 732,남성,헤어케어,저자극,효과 체감이 빠르다는 리뷰 다수,지성,93000
설화수,설화수 메이크업 제품 733,남성,메이크업,데일리 사용,향과 사용감에 대한 만족도가 높음,지성,57000
헤라,헤라 퍼퓸 제품 734,향수,퍼퓸,시그니처 향,가성비가 좋다는 의견이 많음,모든 피부,119000
프리메라,프리메라 클렌징 제품 735,스킨 케어,클렌징,저자극 세정,효과 체감이 빠르다는 리뷰 다수,모든 피부,15000
마몽드,마몽드 퍼퓸 제품 736,향수,퍼퓸,시그니처 향,자극 없이 순하다는 평가가 많음,복합성,137000
마몽드,마몽드 퍼퓸 제품 737,향수,퍼퓸,지속력 우수,효과 체감이 빠르다는 리뷰 다수,건성,35000
라네즈,라네즈 클렌징 제품 738,스킨 케어,클렌징,저자극 세정,재구매율이 높은 제품,복합성,34000
설화수,설화수 스킨/바디 케어 제품 739,베이비,스킨/바디 케어,저자극,재구매율이 높은 제품,건성,29000
이니스프리,이니스프리 스페셜 케어 제품 740,스킨 케어,스페셜 케어,미백 기능성,재구매율이 높은 제품,복합성,136000
에스트라,에스트라 스킨/바디 케어 제품 741,베이비,스킨/바디 케어,데일리 사용,효과 체감이 빠르다는 리뷰 다수,지성,65000
바이탈뷰티,바이탈뷰티 퍼퓸 제품 742,향수,퍼퓸,시그니처 향,향과 사용감에 대한 만족도가 높음,모든 피부,41000
라네즈,라네즈 클렌져 제품 743,남성,클렌져,저자극,자극 없이 순하다는 평가가 많음,복합성,83000
헤라,헤라 치크 제품 744,메이크업,치크,생기 부여,효과 체감이 빠르다는 리뷰 다수,민감성,64000
에이피뷰티,에이피뷰티 립 제품 745,메이크업,립,보습감,재구매율이 높은 제품,건성,109000
한율,한율 모이스처라이징 제품 746,스킨 케어,모이스처라이징,장벽 강화,가성비가 좋다는 의견이 많음,건성,109000
롱테이크,롱테이크 헤어 제품 747,생활용품,헤어,손상 케어,자극 없이 순하다는 평가가 많음,복합성,111000
바이탈뷰티,바이탈뷰티 헤어 제품 748,생활용품,헤어,윤기 강화,가성비가 좋다는 의견이 많음,지성,22000
아모레베이직,아모레베이직 페이스 제품 749,메이크업,페이스,자연스러운 커버,가성비가 좋다는 의견이 많음,복합성,48000
아이오페,아이오페 스킨/바디 케어 제품 750,베이비,스킨/바디 케어,데일리 사용,향과 사용감에 대한 만족도가 높음,지성,41000
아이오페,아이오페 치크 제품 751,메이크업,치크,생기 부여,자극 없이 순하다는 평가가 많음,민감성,71000
마몽드,마몽드 아이 제품 752,메이크업,아이,번짐 방지,효과 체감이 빠르다는 리뷰 다수,지성,63000
에스트라,에스트라 모이스처라이징 제품 753,스킨 케어,모이스처라이징,장벽 강화,향과 사용감에 대한 만족도가 높음,복합성,68000
프리메라,프리메라 립 제품 754,메이크업,립,보습감,재구매율이 높은 제품,지성,53000
바이탈뷰티,바이탈뷰티 립 제품 755,메이크업,립,보습감,가성비가 좋다는 의견이 많음,건성,61000
마몽드,마몽드 선케어 제품 756,베이비,선케어,민감피부 사용 가능,가성비가 좋다는 의견이 많음,복합성,70000
설화수,설화수 헤어케어 제품 757,남성,헤어케어,저자극,가성비가 좋다는 의견이 많음,민감성,17000
롱테이크,롱테이크 클렌징 제품 758,스킨 케어,클렌징,저자극 세정,재구매율이 높은 제품,지성,59000
바이탈뷰티,바이탈뷰티 스킨/바디 케어 제품 759,베이비,스킨/바디 케어,데일리 사용,재구매율이 높은 제품,민감성,76000
오설록,오설록 치크 제품 760,메이크업,치크,자연 발색,향과 사용감에 대한 만족도가 높음,모든 피부,53000
이니스프리,이니스프리 퍼퓸 제품 761,향수,퍼퓸,지속력 우수,향과 사용감에 대한 만족도가 높음,지성,44000
에스트라,에스트라 쉐이빙 제품 762,남성,쉐이빙,저자극,가성비가 좋다는 의견이 많음,복합성,37000
아모레베이직,아모레베이직 치크 제품 763,메이크업,치크,생기 부여,향과 사용감에 대한 만족도가 높음,모든 피부,127000
프리메라,프리메라 쉐이빙 제품 764,남성,쉐이빙,저자극,재구매율이 높은 제품,민감성,101000
라네즈,라네즈 선케어 제품 765,베이비,선케어,백탁 없음,향과 사용감에 대한 만족도가 높음,모든 피부,115000
설화수,설화수 구강 제품 766,생활용품,구강,구취 제거,향과 사용감에 대한 만족도가 높음,모든 피부,89000
한율,한율 치크 제품 767,메이크업,치크,생기 부여,자극 없이 순하다는 평가가 많음,지성,73000
바이탈뷰티,바이탈뷰티 퍼퓸 제품 768,향수,퍼퓸,시그니처 향,자극 없이 순하다는 평가가 많음,지성,71000
오설록,오설록 네일 제품 769,메이크업,네일,빠른 건조,향과 사용감에 대한 만족도가 높음,복합성,109000
프리메라,프리메라 구강 제품 770,생활용품,구강,구취 제거,향과 사용감에 대한 만족도가 높음,건성,25000
오설록,오설록 스페셜 케어 제품 771,스킨 케어,스페셜 케어,미백 기능성,효과 체감이 빠르다는 리뷰 다수,복합성,121000
라네즈,라네즈 스킨/바디 케어 제품 772,베이비,스킨/바디 케어,데일리 사용,가성비가 좋다는 의견이 많음,민감성,23000
프리메라,프리메라 바디 제품 773,생활용품,바디,보습 강화,자극 없이 순하다는 평가가 많음,모든 피부,11000
프리메라,프리메라 헤어 제품 774,생활용품,헤어,윤기 강화,향과 사용감에 대한 만족도가 높음,복합성,86000
에스트라,에스트라 선케어 제품 775,스킨 케어,선케어,백탁 없음,효과 체감이 빠르다는 리뷰 다수,건성,23000
롱테이크,롱테이크 페이스 제품 776,메이크업,페이스,자연스러운 커버,향과 사용감에 대한 만족도가 높음,모든 피부,19000
에스트라,에스트라 구강 제품 777,생활용품,구강,구취 제거,가성비가 좋다는 의견이 많음,건성,90000
한율,한율 스킨/바디 케어 제품 778,베이비,스킨/바디 케어,저자극,효과 체감이 빠르다는 리뷰 다수,모든 피부,17000
에스트라,에스트라 이너뷰티 제품 779,뷰티푸드,이너뷰티,피부 건강 개선,재구매율이 높은 제품,모든 피부,11000
오설록,오설록 페이스 제품 780,메이크업,페이스,자연스러운 커버,향과 사용감에 대한 만족도가 높음,건성,121000
마몽드,마몽드 헤어 제품 781,생활용품,헤어,윤기 강화,재구매율이 높은 제품,지성,144000
마몽드,마몽드 모이스처라이징 제품 782,스킨 케어,모이스처라이징,고보습,가성비가 좋다는 의견이 많음,복합성,121000
설화수,설화수 퍼퓸 제품 783,향수,퍼퓸,시그니처 향,자극 없이 순하다는 평가가 많음,모든 피부,101000
에스트라,에스트라 이너뷰티 제품 784,뷰티푸드,이너뷰티,항산화,재구매율이 높은 제품,모든 피부,101000
프리메라,프리메라 바디 제품 785,생활용품,바디,보습 강화,자극 없이 순하다는 평가가 많음,복합성,127000
롱테이크,롱테이크 팩마스크 제품 786,남성,팩마스크,데일리 사용,재구매율이 높은 제품,민감성,97000
에이피뷰티,에이피뷰티 퍼퓸 제품 787,향수,퍼퓸,지속력 우수,자극 없이 순하다는 평가가 많음,복합성,53000
롱테이크,롱테이크 퍼퓸 제품 788,향수,퍼퓸,시그니처 향,향과 사용감에 대한 만족도가 높음,모든 피부,108000
아모레베이직,아모레베이직 헤어 제품 789,생활용품,헤어,손상 케어,효과 체감이 빠르다는 리뷰 다수,모든 피부,57000
아모레베이직,아모레베이직 이너뷰티 제품 790,뷰티푸드,이너뷰티,피부 건강 개선,향과 사용감에 대한 만족도가 높음,복합성,122000
이니스프리,이니스프리 퍼퓸 제품 791,향수,퍼퓸,시그니처 향,가성비가 좋다는 의견이 많음,민감성,16000
에이피뷰티,에이피뷰티 선케어 제품 792,베이비,선케어,민감피부 사용 가능,효과 체감이 빠르다는 리뷰 다수,모든 피부,99000
바이탈뷰티,바이탈뷰티 선케어 제품 793,베이비,선케어,백탁 없음,재구매율이 높은 제품,복합성,77000
오설록,오설록 클렌징 제품 794,스킨 케어,클렌징,보습 유지,가성비가 좋다는 의견이 많음,모든 피부,14000
한율,한율 퍼퓸 제품 795,향수,퍼퓸,지속력 우수,효과 체감이 빠르다는 리뷰 다수,복합성,8000
바이탈뷰티,바이탈뷰티 선케어 제품 796,베이비,선케어,민감피부 사용 가능,가성비가 좋다는 의견이 많음,모든 피부,120000
바이탈뷰티,바이탈뷰티 퍼퓸 제품 797,향수,퍼퓸,시그니처 향,가성비가 좋다는 의견이 많음,민감성,74000
에이피뷰티,에이피뷰티 이너뷰티 제품 798,뷰티푸드,이너뷰티,항산화,향과 사용감에 대한 만족도가 높음,지성,137000
프리메라,프리메라 헤어 제품 799,생활용품,헤어,손상 케어,재구매율이 높은 제품,지성,92000
이니스프리,이니스프리 선케어 제품 800,스킨 케어,선케어,백탁 없음,자극 없이 순하다는 평가가 많음,복합성,56000
에이피뷰티,에이피뷰티 선케어 제품 801,베이비,선케어,자외선 차단,향과 사용감에 대한 만족도가 높음,지성,95000
이니스프리,이니스프리 구강 제품 802,생활용품,구강,저자극,효과 체감이 빠르다는 리뷰 다수,복합성,143000
이니스프리,이니스프리 클렌징 제품 803,스킨 케어,클렌징,저자극 세정,향과 사용감에 대한 만족도가 높음,민감성,80000
바이탈뷰티,바이탈뷰티 네일 제품 804,메이크업,네일,빠른 건조,자극 없이 순하다는 평가가 많음,건성,127000
에이피뷰티,에이피뷰티 이너뷰티 제품 805,뷰티푸드,이너뷰티,항산화,향과 사용감에 대한 만족도가 높음,건성,19000
오설록,오설록 퍼퓸 제품 806,향수,퍼퓸,시그니처 향,재구매율이 높은 제품,모든 피부,111000
헤라,헤라 치크 제품 807,메이크업,치크,자연 발색,재구매율이 높은 제품,지성,46000
바이탈뷰티,바이탈뷰티 아이 제품 808,메이크업,아이,롱래스팅,효과 체감이 빠르다는 리뷰 다수,건성,89000
프리메라,프리메라 바디케어 제품 809,남성,바디케어,저자극,향과 사용감에 대한 만족도가 높음,모든 피부,83000
한율,한율 클렌징 제품 810,스킨 케어,클렌징,보습 유지,향과 사용감에 대한 만족도가 높음,모든 피부,26000
오설록,오설록 팩마스크 제품 811,남성,팩마스크,저자극,자극 없이 순하다는 평가가 많음,건성,145000
헤라,헤라 스페셜 케어 제품 812,스킨 케어,스페셜 케어,미백 기능성,가성비가 좋다는 의견이 많음,지성,65000
설화수,설화수 바디 제품 813,생활용품,바디,보습 강화,자극 없이 순하다는 평가가 많음,모든 피부,123000
마몽드,마몽드 쉐이빙 제품 814,남성,쉐이빙,저자극,재구매율이 높은 제품,건성,46000
한율,한율 치크 제품 815,메이크업,치크,생기 부여,재구매율이 높은 제품,민감성,89000
프리메라,프리메라 구강 제품 816,생활용품,구강,구취 제거,재구매율이 높은 제품,건성,88000
아모레베이직,아모레베이직 아이 제품 817,메이크업,아이,번짐 방지,자극 없이 순하다는 평가가 많음,지성,9000
이니스프리,이니스프리 퍼퓸 제품 818,향수,퍼퓸,시그니처 향,자극 없이 순하다는 평가가 많음,건성,79000
바이탈뷰티,바이탈뷰티 퍼퓸 제품 819,향수,퍼퓸,지속력 우수,자극 없이 순하다는 평가가 많음,민감성,112000
아모레베이직,아모레베이직 페이스 제품 820,메이크업,페이스,피부톤 보정,효과 체감이 빠르다는 리뷰 다수,지성,130000
라네즈,라네즈 클렌징 제품 821,스킨 케어,클렌징,저자극 세정,재구매율이 높은 제품,민감성,67000
이니스프리,이니스프리 퍼퓸 제품 822,향수,퍼퓸,시그니처 향,효과 체감이 빠르다는 리뷰 다수,지성,115000
에이피뷰티,에이피뷰티 퍼퓸 제품 823,향수,퍼퓸,지속력 우수,효과 체감이 빠르다는 리뷰 다수,민감성,140000
라네즈,라네즈 퍼퓸 제품 824,향수,퍼퓸,지속력 우수,재구매율이 높은 제품,민감성,141000
오설록,오설록 클렌져 제품 825,남성,클렌져,데일리 사용,효과 체감이 빠르다는 리뷰 다수,지성,61000
아이오페,아이오페 퍼퓸 제품 826,향수,퍼퓸,시그니처 향,자극 없이 순하다는 평가가 많음,민감성,52000
아모레베이직,아모레베이직 이너뷰티 제품 827,뷰티푸드,이너뷰티,항산화,가성비가 좋다는 의견이 많음,모든 피부,82000
아모레베이직,아모레베이직 퍼퓸 제품 828,향수,퍼퓸,시그니처 향,효과 체감이 빠르다는 리뷰 다수,모든 피부,15000
헤라,헤라 스페셜 케어 제품 829,스킨 케어,스페셜 케어,탄력 개선,가성비가 좋다는 의견이 많음,복합성,84000
헤라,헤라 썬/BB 크림 제품 830,남성,썬/BB 크림,데일리 사용,효과 체감이 빠르다는 리뷰 다수,민감성,63000
라네즈,라네즈 바디 제품 831,생활용품,바디,보습 강화,재구매율이 높은 제품,민감성,148000
헤라,헤라 퍼퓸 제품 832,향수,퍼퓸,지속력 우수,효과 체감이 빠르다는 리뷰 다수,지성,147000
헤라,헤라 헤어 제품 833,생활용품,헤어,윤기 강화,가성비가 좋다는 의견이 많음,건성,9000
아모레베이직,아모레베이직 페이스 제품 834,메이크업,페이스,피부톤 보정,가성비가 좋다는 의견이 많음,지성,93000
롱테이크,롱테이크 퍼퓸 제품 835,향수,퍼퓸,지속력 우수,효과 체감이 빠르다는 리뷰 다수,건성,82000
아이오페,아이오페 바디 제품 836,생활용품,바디,산뜻한 마무리,향과 사용감에 대한 만족도가 높음,민감성,99000
바이탈뷰티,바이탈뷰티 이너뷰티 제품 837,뷰티푸드,이너뷰티,항산화,자극 없이 순하다는 평가가 많음,지성,71000
에이피뷰티,에이피뷰티 네일 제품 838,메이크업,네일,빠른 건조,자극 없이 순하다는 평가가 많음,복합성,14000
설화수,설화수 선케어 제품 839,베이비,선케어,민감피부 사용 가능,효과 체감이 빠르다는 리뷰 다수,지성,88000
라네즈,라네즈 모이스처라이징 제품 840,스킨 케어,모이스처라이징,장벽 강화,자극 없이 순하다는 평가가 많음,민감성,133000
에스트라,에스트라 선케어 제품 841,베이비,선케어,백탁 없음,향과 사용감에 대한 만족도가 높음,모든 피부,26000
설화수,설화수 네일 제품 842,메이크업,네일,선명한 컬러,효과 체감이 빠르다는 리뷰 다수,모든 피부,143000
아모레베이직,아모레베이직 립 제품 843,메이크업,립,선명한 발색,재구매율이 높은 제품,모든 피부,63000
프리메라,프리메라 구강 제품 844,생활용품,구강,저자극,효과 체감이 빠르다는 리뷰 다수,복합성,69000
아이오페,아이오페 스킨/바디 케어 제품 845,베이비,스킨/바디 케어,데일리 사용,자극 없이 순하다는 평가가 많음,민감성,114000
한율,한율 이너뷰티 제품 846,뷰티푸드,이너뷰티,항산화,자극 없이 순하다는 평가가 많음,모든 피부,14000
아모레베이직,아모레베이직 스킨/바디 케어 제품 847,베이비,스킨/바디 케어,저자극,자극 없이 순하다는 평가가 많음,복합성,58000
헤라,헤라 스킨/바디 케어 제품 848,베이비,스킨/바디 케어,저자극,재구매율이 높은 제품,지성,44000
에이피뷰티,에이피뷰티 바디케어 제품 849,남성,바디케어,저자극,가성비가 좋다는 의견이 많음,모든 피부,47000
에스트라,에스트라 페이스 제품 850,메이크업,페이스,피부톤 보정,재구매율이 높은 제품,건성,37000
오설록,오설록 치크 제품 851,메이크업,치크,자연 발색,향과 사용감에 대한 만족도가 높음,건성,135000
에이피뷰티,에이피뷰티 구강 제품 852,생활용품,구강,저자극,효과 체감이 빠르다는 리뷰 다수,건성,64000
아모레베이직,아모레베이직 선케어 제품 853,베이비,선케어,백탁 없음,효과 체감이 빠르다는 리뷰 다수,복합성,138000
라네즈,라네즈 퍼퓸 제품 854,향수,퍼퓸,지속력 우수,향과 사용감에 대한 만족도가 높음,지성,76000
아모레베이직,아모레베이직 아이 제품 855,메이크업,아이,번짐 방지,재구매율이 높은 제품,모든 피부,91000
아이오페,아이오페 팩마스크 제품 856,남성,팩마스크,데일리 사용,가성비가 좋다는 의견이 많음,모든 피부,107000
설화수,설화수 스페셜 케어 제품 857,스킨 케어,스페셜 케어,탄력 개선,재구매율이 높은 제품,복합성,10000
아이오페,아이오페 이너뷰티 제품 858,뷰티푸드,이너뷰티,피부 건강 개선,재구매율이 높은 제품,민감성,139000
바이탈뷰티,바이탈뷰티 에센스크림 제품 859,남성,에센스크림,데일리 사용,자극 없이 순하다는 평가가 많음,지성,82000
헤라,헤라 선케어 제품 860,베이비,선케어,민감피부 사용 가능,효과 체감이 빠르다는 리뷰 다수,복합성,9000
마몽드,마몽드 선케어 제품 861,베이비,선케어,민감피부 사용 가능,효과 체감이 빠르다는 리뷰 다수,지성,100000
설화수,설화수 이너뷰티 제품 862,뷰티푸드,이너뷰티,피부 건강 개선,효과 체감이 빠르다는 리뷰 다수,지성,141000
한율,한율 스킨/바디 케어 제품 863,베이비,스킨/바디 케어,데일리 사용,재구매율이 높은 제품,민감성,104000
설화수,설화수 이너뷰티 제품 864,뷰티푸드,이너뷰티,항산화,효과 체감이 빠르다는 리뷰 다수,복합성,95000
오설록,오설록 퍼퓸 제품 865,향수,퍼퓸,시그니처 향,효과 체감이 빠르다는 리뷰 다수,복합성,147000
라네즈,라네즈 선케어 제품 866,베이비,선케어,백탁 없음,향과 사용감에 대한 만족도가 높음,복합성,65000
한율,한율 퍼퓸 제품 867,향수,퍼퓸,시그니처 향,자극 없이 순하다는 평가가 많음,모든 피부,148000
아모레베이직,아모레베이직 페이스 제품 868,메이크업,페이스,자연스러운 커버,효과 체감이 빠르다는 리뷰 다수,건성,89000
헤라,헤라 바디 제품 869,생활용품,바디,보습 강화,가성비가 좋다는 의견이 많음,모든 피부,10000
이니스프리,이니스프리 바디 제품 870,생활용품,바디,산뜻한 마무리,자극 없이 순하다는 평가가 많음,지성,12000
바이탈뷰티,바이탈뷰티 이너뷰티 제품 871,뷰티푸드,이너뷰티,항산화,자극 없이 순하다는 평가가 많음,복합성,68000
한율,한율 클렌져 제품 872,남성,클렌져,저자극,효과 체감이 빠르다는 리뷰 다수,지성,125000
바이탈뷰티,바이탈뷰티 바디 제품 873,생활용품,바디,보습 강화,자극 없이 순하다는 평가가 많음,민감성,124000
에이피뷰티,에이피뷰티 쉐이빙 제품 874,남성,쉐이빙,데일리 사용,가성비가 좋다는 의견이 많음,민감성,126000
아모레베이직,아모레베이직 립 제품 875,메이크업,립,보습감,효과 체감이 빠르다는 리뷰 다수,복합성,126000
아모레베이직,아모레베이직 헤어 제품 876,생활용품,헤어,손상 케어,자극 없이 순하다는 평가가 많음,모든 피부,144000
아모레베이직,아모레베이직 이너뷰티 제품 877,뷰티푸드,이너뷰티,항산화,자극 없이 순하다는 평가가 많음,건성,35000
설화수,설화수 바디케어 제품 878,남성,바디케어,저자극,향과 사용감에 대한 만족도가 높음,모든 피부,62000
에이피뷰티,에이피뷰티 스페셜 케어 제품 879,스킨 케어,스페셜 케어,집중 케어,가성비가 좋다는 의견이 많음,복합성,43000
헤라,헤라 선케어 제품 880,베이비,선케어,백탁 없음,효과 체감이 빠르다는 리뷰 다수,모든 피부,140000
아이오페,아이오페 퍼퓸 제품 881,향수,퍼퓸,지속력 우수,효과 체감이 빠르다는 리뷰 다수,복합성,8000
바이탈뷰티,바이탈뷰티 스킨로션 제품 882,남성,스킨로션,데일리 사용,재구매율이 높은 제품,지성,65000
헤라,헤라 클렌져 제품 883,남성,클렌져,데일리 사용,효과 체감이 빠르다는 리뷰 다수,모든 피부,145000
에스트라,에스트라 선케어 제품 884,베이비,선케어,백탁 없음,효과 체감이 빠르다는 리뷰 다수,모든 피부,133000
설화수,설화수 에센스크림 제품 885,남성,에센스크림,데일리 사용,재구매율이 높은 제품,모든 피부,11000
라네즈,라네즈 퍼퓸 제품 886,향수,퍼퓸,시그니처 향,자극 없이 순하다는 평가가 많음,모든 피부,79000
프리메라,프리메라 구강 제품 887,생활용품,구강,구취 제거,향과 사용감에 대한 만족도가 높음,복합성,66000
헤라,헤라 이너뷰티 제품 888,뷰티푸드,이너뷰티,피부 건강 개선,향과 사용감에 대한 만족도가 높음,복합성,72000
라네즈,라네즈 이너뷰티 제품 889,뷰티푸드,이너뷰티,피부 건강 개선,향과 사용감에 대한 만족도가 높음,건성,54000
헤라,헤라 클렌징 제품 890,스킨 케어,클렌징,저자극 세정,재구매율이 높은 제품,복합성,135000
라네즈,라네즈 팩마스크 제품 891,남성,팩마스크,저자극,효과 체감이 빠르다는 리뷰 다수,민감성,22000
헤라,헤라 썬/BB 크림 제품 892,남성,썬/BB 크림,저자극,효과 체감이 빠르다는 리뷰 다수,모든 피부,17000
이니스프리,이니스프리 이너뷰티 제품 893,뷰티푸드,이너뷰티,피부 건강 개선,재구매율이 높은 제품,민감성,32000
오설록,오설록 스킨/바디 케어 제품 894,베이비,스킨/바디 케어,데일리 사용,효과 체감이 빠르다는 리뷰 다수,모든 피부,73000
설화수,설화수 팩마스크 제품 895,남성,팩마스크,저자극,자극 없이 순하다는 평가가 많음,복합성,17000
설화수,설화수 스킨/바디 케어 제품 896,베이비,스킨/바디 케어,데일리 사용,효과 체감이 빠르다는 리뷰 다수,민감성,119000
헤라,헤라 퍼퓸 제품 897,향수,퍼퓸,지속력 우수,효과 체감이 빠르다는 리뷰 다수,복합성,16000
프리메라,프리메라 구강 제품 898,생활용품,구강,저자극,효과 체감이 빠르다는 리뷰 다수,지성,78000
롱테이크,롱테이크 스페셜 케어 제품 899,스킨 케어,스페셜 케어,탄력 개선,재구매율이 높은 제품,건성,84000
에스트라,에스트라 헤어 제품 900,생활용품,헤어,윤기 강화,향과 사용감에 대한 만족도가 높음,민감성,129000
